fileName,Max Dep Ref,GraphBuildTime,NoCompLookupSize,NoCompLookupTime,NoCompPostProcessedLookupSize,NoCompPostProcessedLookupTime
stacey_white_000_1_1.pst.254.xls,AlphaSort:F6836,976,3,26,1,27
darron_c_giron_002_1_1_1.pst.177.xls,Darron:E5,246,2978,156,2978,164
stacey_white_000_1_1.pst.262.xls,BRA Power:A6,1827,4385,511,4385,520
mike_grigsby_000_1_1_1.pst.248.xls,Months:F4,160,306,2,306,3
kevin_ruscitti_000_1_1.pst.156.xls,03-21-00AM:BT499,220,0,0,0,0
daren_farmer_001_1_1.pst.895.xls,Apr 99:M16,115,131,3,131,3
mike_grigsby_000_1_1_1.pst.256.xls,Months:F4,244,306,3,306,3
robin_rodrigue_000_1_1.pst.11.xls,Detail:J4400,155,1,0,1,0
david_delainey_000_1_2.pst.137.xls,ENA:U13,93,66,2,66,2
dutch_quigley_000_1_1.pst.211.xls,Swap:D11,191,357,6,345,6
benjamin_rogers_000_1_1.pst.45.xls,NYISO G:Q9,523,416,8,403,8
vkaminski_000_1_1_1.pst.229.xls,SHIPS:B26,120,613,6,2,6
phillip_allen_000_1_1.pst.212.xls,NYMEX:A13,1044,1,0,1,0
vkaminski_000_1_1_1.pst.141.xls,053100:E10,332,3793,131,3791,137
don_baughman_000_1_1.pst.119.xls,Sheet1:C20,87,37,1,21,1
vkaminski_000_1_1_1.pst.172.xls,COPPER:B3288,511,7,0,5,0
gerald_nemec_000_1_1.pst.126.xls,Jul:A11,46,199,2,199,3
louise_kitchen_000_1_1_1_1.pst.258.xls,Cost Cancel Details:C18,235,667,11,667,12
benjamin_rogers_001_1_1.pst.136.xls,Stratus Report:A15,138,1113,20,1113,21
kevin_ruscitti_000_1_1.pst.125.xls,Phys Test:D15,259,6479,86,6479,96
jonathan_mckay_000_1_1.pst.23.xls,TETCO_TRANSCO:F38,261,729,8,729,9
don_baughman_000_1_1.pst.135.xls,Sheet1:C20,113,37,0,21,1
harry_arora_000_1_1.pst.123.xls,vol data:N28,97,46,0,46,1
benjamin_rogers_000_1_1.pst.173.xls,BaseLoad:B1,201,720,8,720,9
benjamin_rogers_000_1_1.pst.37.xls,Daily Curve:AH3,218,668,7,1,7
don_baughman_000_1_1.pst.167.xls,Sheet1:C20,98,37,1,21,1
don_baughman_000_1_1.pst.183.xls,Sheet1:C20,125,37,1,21,1
stacey_white_000_1_1.pst.269.xls,BRA Power:A6,1478,4385,385,4385,390
tracy_geaccone_000_1_1.pst.147.xls,Trackers:D45,147,875,16,865,17
kevin_ruscitti_000_1_1.pst.101.xls,Mar Actuals:BT499,200,0,0,0,0
benjamin_rogers_001_1_1.pst.152.xls,Depreciation:Z46,84,543,8,543,9
kevin_presto_000_1_1.pst.261.xls,Results:K5551,90,3,0,1,0
kim_ward_000_1_2.pst.406.xls,Sales:C9,67,1986,26,508,27
andy_zipper_000_1_1.pst.77.xls,DD-ENA:F500,66,8,1,8,1
jim_schwieger_000_1_1.pst.113.xls,Sheet1:BQ1974,397,3,0,3,0
darron_c_giron_002_1_1_1.pst.154.xls,Darron:E4,170,1999,28,1999,30
vkaminski_000_1_1_1.pst.276.xls,payout model:AQ5,64,0,0,0,1
don_baughman_000_1_1.pst.151.xls,Sheet1:C20,112,37,0,21,0
john_lavorato_000_1_1_1.pst.57.xls,POS Lambie:BB2,1697,0,1,0,1
john_griffith_000_1_1.pst.197.xls,Pastoria:F3,445,8312,243,8302,254
don_baughman_000_1_1.pst.143.xls,Sheet1:C20,110,37,1,21,1
stacey_white_000_1_1.pst.382.xls,NP15:B4,82,285,7,234,8
andy_zipper_000_1_1.pst.106.xls,TRANSACTIONSUMMARYREPORT -1:N4780,871,9,0,4,0
joe_parks_000_1_1.pst.133.xls,Variable Rates - Sept:P5,909,18786,318,18786,340
mark_taylor_001_1_1.pst.58.xls,Sheet1:M4,282,8445,257,8445,264
andy_zipper_000_1_1.pst.70.xls,DD-ENA:F500,66,8,0,8,0
tracy_geaccone_000_1_1.pst.268.xls,Trackers:D61,164,1098,21,1087,22
jonathan_mckay_000_1_1.pst.15.xls,TETCO_TRANSCO:Y86,238,270,4,270,4
don_baughman_000_1_1.pst.128.xls,Sheet1:C20,94,37,1,21,1
andy_zipper_000_1_1.pst.53.xls,DD-EPM:U429,60,4,0,2,0
andy_zipper_000_1_1.pst.68.xls,DD-ENA:F500,61,8,0,8,0
andy_zipper_000_1_1.pst.168.xls,Deal Detail:B9,66,674,7,1,8
don_baughman_000_1_1.pst.175.xls,Sheet1:C20,98,37,0,21,1
john_zufferli_000_1_1.pst.54.xls,DATA:F1556,63,3,0,1,0
chris_germany_000_1_2.pst.164.xls,gatherco:J3,108,1132,13,1132,14
andy_zipper_000_1_1.pst.85.xls,TRANSACTIONSUMMARYREPORT -1:N4780,797,9,0,4,0
kevin_hyatt_000_1_1.pst.120.xls,PNM 500617:H12,49,238,3,235,4
jim_schwieger_000_1_1.pst.105.xls,Sheet1:BR179,90,121,3,105,3
vkaminski_002_1_1_1.pst.12.xls,5d. 7.6:D4,1914,17021,324,17020,339
darron_c_giron_000_1_1_1.pst.137.xls,PRD Location_Def:K3439,795,2,0,2,0
dutch_quigley_000_1_1.pst.212.xls,Swap:AG9,155,0,0,0,0
kevin_ruscitti_000_1_1.pst.157.xls,03-22-00AM:BT499,238,0,0,0,0
andy_zipper_000_1_1.pst.144.xls,TRANSACTIONSUMMARYREPORT -1:N4780,839,9,0,4,0
robin_rodrigue_000_1_1.pst.12.xls,Detail:J4400,152,1,0,1,0
andy_zipper_000_1_1.pst.21.xls,TRANSACTIONSUMMARYREPORT -1:N4780,755,9,0,4,0
lindy_donoho_000_1_1_1.pst.123.xls,SJ by Month:H28,77,108,1,108,1
tracy_geaccone_000_1_1.pst.146.xls,Trackers:D61,214,1098,21,1087,22
don_baughman_000_1_1.pst.189.xls,Sheet1:C20,107,37,1,21,1
fletcher_sturm_000_1_1.pst.99.xls,Cash:D1,234,1049,11,1049,11
don_baughman_000_1_1.pst.200.xls,8-1:C20,202,37,0,21,0
juan_hernandez_000_1_1.pst.10.xls,Sheet1:C20,100,37,0,21,0
robin_rodrigue_000_1_1.pst.159.xls,Detail:J4400,149,1,0,1,0
vkaminski_002_1_1_1.pst.276.xls,Gas Curves:BV2,282,0,0,0,0
daren_farmer_000_1_1.pst.104.xls,Jan 01 trial:AW14,256,13,0,13,0
vkaminski_000_1_1_1.pst.310.xls,Sheet1:A64,425,10866,277,10866,289
dutch_quigley_000_1_1.pst.202.xls,Position:Z2,302,2555,100,2532,102
vkaminski_000_1_1_1.pst.309.xls,Sheet1:A64,409,10866,280,10866,289
elizabeth_sager_000_1_1.pst.122.xls,Top Exposure (2):F500,624,5,0,3,0
juan_hernandez_000_1_1.pst.169.xls,Regional_Spreads:B759,529,19,0,19,0
don_baughman_000_1_1.pst.190.xls,Sheet1:C20,112,37,1,21,1
jonathan_mckay_000_1_1.pst.14.xls,TETCO_TRANSCO:Y86,261,270,4,270,4
daren_farmer_000_1_1.pst.1499.xls,Jan 01 trial:AW14,177,13,0,13,1
stacey_white_000_1_1.pst.230.xls,OP.Power Desk Daily Price:B7,90,61,1,61,1
vkaminski_001_1_2_1.pst.125.xls,Metro:G2,98,716,90,716,90
lindy_donoho_000_1_1_1.pst.13.xls,WOT by Month thru 2010:H32,148,225,3,216,4
michelle_lokay_000_1_2_1.pst.24.xls,PNM 500617:H12,45,236,3,232,3
tori_kuykendall_000_1_1_1.pst.48.xls,Sheet1:C1,89,3948,54,3948,58
dutch_quigley_000_1_1.pst.51.xls,Sheet1:A1536,89,4808,11150,3231,11153
don_baughman_000_1_1.pst.152.xls,Sheet1:C20,112,37,0,21,0
mike_grigsby_000_1_1_1.pst.255.xls,Months:F4,145,306,2,306,2
benjamin_rogers_001_1_1.pst.153.xls,Template:E445,895,4545,96,4541,100
andy_zipper_000_1_1.pst.92.xls,TRANSACTIONSUMMARYREPORT -1:N4780,825,9,0,4,0
andy_zipper_000_1_1.pst.170.xls,Deal Detail:A9,85,825,10,1,10
jonathan_mckay_000_1_1.pst.24.xls,TETCO_TRANSCO:F38,239,729,8,729,9
louise_kitchen_000_1_1_1_1.pst.259.xls,Cost Cancel Details:C18,211,667,11,667,12
jonathan_mckay_000_1_1.pst.30.xls,TETCO_TRANSCO:F38,234,729,8,729,9
benjamin_rogers_001_1_1.pst.2.xls,Wheatland:Z66,85,46,1,45,1
vkaminski_000_1_1_1.pst.304.xls,Expiration Dates:F9,211,1077,12,1077,13
chris_germany_000_1_1_1.pst.125.xls,Total Reqs:J65,98,259,4,259,4
benjamin_rogers_000_1_1.pst.190.xls,CCFMODEL:H10,627,2973,60,2970,62
tracy_geaccone_000_1_1.pst.308.xls,WESTCompare0201:AP7,354,0,0,0,0
benjamin_rogers_000_1_1.pst.142.xls,Depreciation:Z46,69,543,8,543,9
don_baughman_000_1_1.pst.184.xls,Sheet1:C20,104,37,1,21,1
eric_saibi_000_1_1.pst.218.xls,Graph:D4,86,49,0,2,0
andy_zipper_000_1_1.pst.76.xls,DD-ENA:F500,89,8,0,8,0
phillip_m_love_000_1_1.pst.672.xls,m1:A5,403,523,6,523,7
louise_kitchen_000_1_1_1_1.pst.0.xls,Cost Cancel Details:C58,220,667,11,667,11
andy_zipper_000_1_1.pst.122.xls,TRANSACTIONSUMMARYREPORT -1:N4780,814,9,0,4,1
don_baughman_000_1_1.pst.142.xls,Sheet1:C20,111,37,0,21,0
darrell_schoolcraft_000_1_1_1.pst.219.xls,USGT 500616:G12,76,349,5,349,5
jim_schwieger_000_1_1.pst.104.xls,Sheet1:AR17,169,0,0,0,0
john_griffith_000_1_1.pst.546.xls,Power:AF154,107,2,1,1,1
benjamin_rogers_000_1_1.pst.157.xls,Depreciation:Z46,74,543,9,543,10
vkaminski_000_1_1_1.pst.286.xls,Expiration Dates:F9,239,1077,13,1077,14
robin_rodrigue_000_1_1.pst.137.xls,Sheet10:R936,674,3,0,2,0
chris_germany_000_1_1_1.pst.109.xls,Total Reqs:J69,108,251,4,251,4
louise_kitchen_000_1_1_1_1.pst.249.xls,Cost Cancel Details:C58,234,667,12,667,12
matthew_lenhart_001_1_1.pst.154.xls,OP.Power Desk Daily Price:B7,90,61,0,61,0
scott_neal_000_1_1.pst.533.xls,Sheet1:I1889,88,8,0,8,0
stacey_white_000_1_1.pst.3.xls,BRA Power:A6,1777,4385,380,4385,384
kevin_ruscitti_000_1_1.pst.103.xls,03-27-00AM:CN222,216,1,0,1,0
andy_zipper_000_1_1.pst.69.xls,DD-ENA:F500,64,8,0,8,0
joe_parks_000_1_1.pst.213.xls,Jan 01 trial:AW14,434,13,0,13,0
andy_zipper_000_1_1.pst.115.xls,TRANSACTIONSUMMARYREPORT -1:N4780,797,9,0,4,0
don_baughman_000_1_1.pst.174.xls,Sheet4:H2,1252,20,0,1,0
lynn_blair_000_1_1.pst.12.xls,USGT 500616:G12,78,349,5,349,5
phillip_m_love_000_1_1.pst.476.xls,LongTerm73:D22,1512,5959,122,5958,126
mike_grigsby_000_1_1_1.pst.106.xls,Power Curve:J5,1255,31738,1419,31738,1446
louise_kitchen_000_1_1_1_1.pst.244.xls,Cost Cancel Details:C58,238,667,14,667,14
don_baughman_000_1_1.pst.191.xls,Sheet1:C20,108,37,1,21,1
juan_hernandez_000_1_1.pst.164.xls,Sheet1:C20,111,37,0,21,0
richard_shapiro_001_1_2.pst.124.xls,SUMMARY:D2,70,3,0,3,0
andy_zipper_000_1_1.pst.169.xls,Deal Detail:A9,70,693,8,1,8
darrell_schoolcraft_000_1_1_1.pst.364.xls,MissAla :J36,114,43,1,41,1
eric_saibi_000_1_1.pst.464.xls,ERCOT MCP BY INTERVAL:L14,197,14,1,7,1
errol_mclaughlin_jr_000_1_1.pst.24.xls,MAY-2001:J3,118,372,3,371,4
andy_zipper_000_1_1.pst.71.xls,DD-ENA:F500,60,8,0,8,1
louise_kitchen_000_1_1_1_1.pst.212.xls,West Power Origination:M21,72,54,1,54,1
dan_hyvl_000_1_1.pst.112.xls,Seller's's PP Calc:A12,85,481,6,481,6
andy_zipper_000_1_1.pst.54.xls,DD-ENA:F500,66,6,0,6,0
jonathan_mckay_000_1_1.pst.29.xls,TETCO_TRANSCO:F38,229,729,8,729,8
bill_williams_iii_000_1_1.pst.81.xls,BES Interval Data:C2327,123,3,0,1,0
daren_farmer_000_1_1.pst.1145.xls,Mar:I16,98,142,1,142,2
benjamin_rogers_000_1_1.pst.12.xls,Raw Data:A27129,235,3,0,1,0
matthew_lenhart_000_1_1.pst.23.xls,Power Curve:J5,1277,34481,1950,34481,1983
phillip_m_love_000_1_1.pst.677.xls,Curves:D15,112,139,1,139,2
vkaminski_000_1_1_1.pst.174.xls,ZINC:B3288,374,7,0,5,0
john_lavorato_001_1_1_1.pst.86.xls,Months:F4,159,306,2,306,3
tracy_geaccone_000_1_1.pst.307.xls,WESTCompare0201:AP7,393,0,0,0,0
jeff_dasovich_000_1_1_1.pst.91.xls,Sept 22:K80,79,9,0,8,0
benjamin_rogers_001_1_1.pst.5.xls,Wheatland:Z66,95,46,1,45,1
gstorey_000_1_1.pst.116.xls,Empress vs Chippewa:H3,2329,2639,69,2626,71
scott_neal_000_1_1.pst.156.xls,LongTerm1:D20,180,6526,137,6523,143
don_baughman_000_1_1.pst.137.xls,Sheet1:C20,99,37,1,21,1
stacey_white_000_1_1.pst.228.xls,ARG FIRM Port Calc Extract:N47,514,366,5,11,5
tracy_geaccone_000_1_1.pst.269.xls,Trackers:D45,145,875,16,865,17
jane_tholt_000_1_1.pst.123.xls,Summary:B185,81,2333,182,2333,184
jeffrey_a_shankman_000_1_2.pst.12.xls,APIS:C1263,82,52,0,1,0
john_griffith_000_1_1.pst.196.xls,NP1265.2:F3,663,8312,193,8302,200
daren_farmer_000_1_1.pst.1427.xls,Jan 01 trial:AW14,143,13,0,13,0
louise_kitchen_000_1_1_1_1.pst.245.xls,Cost Cancel Details:C58,220,667,12,667,13
barry_tycholiz_000_1_1.pst.77.xls,Sheet1:E5,519,162,2,162,2
paul_y'barbo_000_1_1.pst.61.xls,76%:D2,131,2017,23,2017,24
matthew_lenhart_001_1_1.pst.147.xls,OP.Power Desk Daily Price:B7,104,61,1,61,1
chris_germany_000_1_2.pst.1047.xls,Sheet2:K602,396,127,2,126,2
errol_mclaughlin_jr_000_1_1.pst.134.xls,LVPP MTM:B9,70,60,1,60,1
benjamin_rogers_001_1_1.pst.246.xls,Stratus Report:A15,155,1113,19,1113,20
rick_buy_000_1_2_1.pst.28.xls,Replacement Costs:D58,128,292,8,292,8
vladi_pimenov_000_1_1.pst.2.xls,Raw Data:CU4,555,17832,455,17831,474
lynn_blair_000_1_1.pst.181.xls,Aug 13:E2,88,37,1,15,1
david_delainey_000_1_2.pst.135.xls,balance sheet:I4,124,225,3,225,3
andy_zipper_000_1_1.pst.20.xls,Deal Detail:A9,81,772,9,1,10
tracy_geaccone_000_1_1.pst.262.xls,Trackers:D61,176,1098,23,1087,23
stacey_white_000_1_1.pst.287.xls,BRA Power:A6,1578,4385,337,4385,340
andy_zipper_000_1_1.pst.63.xls,DD-ENA:F500,67,8,0,8,0
matthew_lenhart_001_1_1.pst.152.xls,OP.Power Desk Daily Price:B7,91,61,0,61,0
benjamin_rogers_000_1_1.pst.204.xls,Wheatland:Z66,91,46,1,45,1
kevin_presto_000_1_1.pst.473.xls,Q3 2001:C250,324,245,2,1,3
benjamin_rogers_000_1_1.pst.140.xls,Template:E445,921,4545,99,4541,103
stacey_white_000_1_1.pst.216.xls,BRA Power:A6,1407,4385,406,4385,408
andy_zipper_000_1_1.pst.166.xls,Deal Detail:B9,54,597,5,1,6
vkaminski_000_1_1_1.pst.216.xls,w5000:B361,121,895,24,895,24
chris_germany_000_1_2.pst.1075.xls,Sheet2:K231,432,127,2,126,2
chris_germany_000_1_2.pst.1032.xls,11-99:U11,73,31,0,2,0
vkaminski_000_1_1_1.pst.24.xls,Analysis:T5,117,249,3,9,3
daren_farmer_000_1_1.pst.313.xls,thursday:N556,82,3,0,3,0
lindy_donoho_000_1_1_1.pst.10.xls,WOT by Month thru 2010:H32,138,225,4,216,4
craig_dean_000_1_1.pst.28.xls,May3:C2,59,48,0,2,0
larry_may_000_1_1.pst.309.xls,DATA:B3,128,60,0,1,0
andy_zipper_000_1_1.pst.27.xls,Deal Detail:A9,89,952,11,1,11
vkaminski_002_1_1_1.pst.10.xls,5a. 7.1:D4,519,14018,213,14017,224
drew_fossum_000_1_1.pst.224.xls,Jul:A9,46,199,2,199,2
chris_germany_000_1_2.pst.162.xls,gatherco:J3,103,1132,13,1132,14
vkaminski_000_1_1_1.pst.171.xls,TIN:B3288,366,7,1,5,1
juan_hernandez_000_1_1.pst.165.xls,Sheet1:C20,107,37,0,21,0
andy_zipper_000_1_1.pst.138.xls,TRANSACTIONSUMMARYREPORT -1:N4780,816,9,1,4,1
mike_grigsby_000_1_1_1.pst.250.xls,Months:F4,153,306,2,306,3
matthew_lenhart_000_1_1.pst.20.xls,Power Curve:J5,1184,31846,1550,31846,1581
errol_mclaughlin_jr_000_1_1.pst.23.xls,MAY-2001:J3,131,372,4,371,4
andy_zipper_000_1_1.pst.83.xls,TRANSACTIONSUMMARYREPORT -1:Q4713,492,9,0,4,0
tracy_geaccone_000_1_1.pst.428.xls,Americas-ESGVC4:E84,94,108,3,108,3
jay_reitmeyer_000_1_1.pst.197.xls,Sheet1:A25,122,88,1,1,1
benjamin_rogers_000_1_1.pst.104.xls,ZONE G OFFPEAK:C7,120,96,1,96,1
andy_zipper_000_1_1.pst.79.xls,DD-ENA:F500,61,8,0,8,0
don_baughman_000_1_1.pst.192.xls,Sheet1:C20,107,37,0,21,0
phillip_allen_000_1_1.pst.302.xls,Raw Data:CB5,368,0,0,0,0
jane_tholt_000_1_1.pst.186.xls,Sales:C9,72,1986,28,508,29
don_baughman_000_1_1.pst.145.xls,Sheet1:C20,112,37,0,21,0
don_baughman_000_1_1.pst.102.xls,Sheet1:C20,111,37,1,21,1
richard_ring_000_1_1.pst.143.xls,Hourly EESI Price Calcs:G21,179,2232,31,2232,33
daren_farmer_000_1_1.pst.384.xls,Jan 01 trial:AW14,246,13,1,13,1
don_baughman_000_1_1.pst.188.xls,Sheet1:C20,112,37,1,21,1
andrew_lewis_000_1_1.pst.12.xls,Swap:Z3,60,909,14,909,15
paul_y'barbo_000_1_1.pst.26.xls,76%:D2,146,2016,24,2016,25
benjamin_rogers_000_1_1.pst.154.xls,Depreciation:Z46,72,543,9,543,10
vkaminski_000_1_1_1.pst.289.xls,READDATA:AD6,100,0,0,0,0
keith_holst_000_1_1.pst.144.xls,FizIndexStart:S63,257,3,0,3,0
mary_fischer_000_1_1.pst.120.xls,SL1Trends:L32,125,20,0,20,0
louise_kitchen_001_1_1_1.pst.364.xls,West Power Origination:M21,56,54,1,54,1
benjamin_rogers_001_1_1.pst.27.xls,Wheatland:Z66,94,46,0,45,0
mark_haedicke_000_1_2.pst.31.xls,Off-Balance Sheet:S3,1762,16611,1262,16610,1274
john_griffith_000_1_1.pst.1000.xls,Spread Option:A11,141,95,1,80,1
matthew_lenhart_000_1_1.pst.65.xls,DA-ties:V84,352,2,0,2,0
errol_mclaughlin_jr_000_1_1.pst.71.xls,CC 103833 - Headcount:B31,110,208,2,208,2
kim_ward_000_1_2.pst.428.xls,Sales:C9,70,1986,27,508,28
tracy_geaccone_000_1_1.pst.306.xls,WESTCompare0201:AP7,363,0,1,0,1
john_hodge_000_1_1.pst.198.xls,load Info:L1070,273,8,1,4,1
chris_germany_000_1_1_1.pst.99.xls,Total Reqs:J69,106,251,4,251,4
vkaminski_001_1_2_1.pst.61.xls,3a. GBM :H7,591,4381,67,4381,71
tracy_geaccone_000_1_1.pst.197.xls,EREC-EREC4:E33,106,86,1,86,1
joe_parks_000_1_1.pst.315.xls,Leg2:F3,687,2536,55,2526,57
kevin_ruscitti_000_1_1.pst.155.xls,03_20_00AM:BT499,213,0,0,0,0
don_baughman_000_1_1.pst.138.xls,Sheet1:C20,108,37,1,21,1
errol_mclaughlin_jr_000_1_1.pst.133.xls,Surety Bond Annuity:B11,917,8649,206,8640,214
vladi_pimenov_000_1_1.pst.73.xls,Sheet1:C1,93,3948,56,3948,60
andy_zipper_000_1_1.pst.62.xls,DD-ENA:F500,67,8,0,8,0
andy_zipper_000_1_1.pst.146.xls,TRANSACTIONSUMMARYREPORT -1:N4780,925,9,0,4,0
benjamin_rogers_000_1_1.pst.169.xls,Maine Thermal:D100,495,695,14,695,14
matthew_lenhart_001_1_1.pst.103.xls,OP.Power Desk Daily Price:B7,97,61,1,61,1
david_delainey_000_1_2.pst.134.xls,balance sheet:I4,119,123,1,123,1
larry_may_000_1_1.pst.114.xls,SWAPS PAGE:P2,128,173,3,173,3
vkaminski_000_1_1_1.pst.317.xls,volatility:G595,206,67,1,67,1
dutch_quigley_000_1_1.pst.210.xls,Swap:D11,87,364,6,353,6
don_baughman_000_1_1.pst.202.xls,8-1:C20,310,37,0,21,1
robin_rodrigue_000_1_1.pst.53.xls,PrudCalc:AD7,67,0,0,0,0
mary_fischer_000_1_1.pst.140.xls,Curtailment Periods - Hourly:Z24,70,477,8,476,9
louise_kitchen_000_1_1_1_1.pst.246.xls,Cost Cancel Details:C58,230,667,12,667,12
louise_kitchen_000_1_1_1_1.pst.252.xls,Cost Cancel Details:C58,228,667,12,667,12
vkaminski_003_1_1_1.pst.73.xls,SpotCurves:F4,1257,4347,68,4342,71
joe_stepenovitch_000_1_1.pst.15.xls,DATA:F1380,38,3,0,1,0
john_griffith_000_1_1.pst.146.xls,FGT Z2 Supply:B10,1363,8313,256,8303,262
vkaminski_000_1_1_1.pst.173.xls,LEAD:B3288,386,7,0,5,0
daren_farmer_000_1_1.pst.1131.xls,Mar:I16,108,142,2,142,2
vkaminski_001_1_2_1.pst.100.xls,Forward Curves:C8,116,4080,104,4080,108
fletcher_sturm_000_1_1.pst.44.xls,Mar01:C62,273,159,3,157,3
vkaminski_001_1_2_1.pst.98.xls,Expiration Dates:F9,243,1077,13,1077,14
andy_zipper_000_1_1.pst.28.xls,TRANSACTIONSUMMARYREPORT -1:N4780,889,9,0,4,0
chris_germany_000_1_2.pst.1046.xls,Sheet2:K231,427,127,2,126,2
don_baughman_000_1_1.pst.193.xls,Sheet1:C20,106,37,0,21,0
chris_germany_000_1_2.pst.163.xls,gatherco:J3,111,1132,14,1132,14
john_griffith_000_1_1.pst.147.xls,FGT Z2 Supply:B10,1359,8313,262,8303,268
louise_kitchen_000_1_1_1_1.pst.247.xls,Cost Cancel Details:C58,230,667,11,667,12
craig_dean_000_1_1.pst.35.xls,SelfServeLoads:D24,353,15,0,15,0
chris_germany_000_1_1_1.pst.84.xls,Total Reqs:J65,110,251,4,251,4
darron_c_giron_000_1_1_1.pst.194.xls,PRD Location_Def:K3439,841,2,0,2,0
harry_arora_000_1_1.pst.12.xls,Gas Curves:BV2,369,0,0,0,0
john_arnold_000_1_2.pst.326.xls,model3:C20,274,2925,61,2925,63
harry_arora_000_1_1.pst.130.xls,WorkingData:E3,2758,4613,12072,4613,12075
don_baughman_000_1_1.pst.150.xls,Sheet1:C20,107,37,0,21,0
matthew_lenhart_000_1_1.pst.1.xls,Power Curve:J5,612,18030,750,18030,774
matthew_lenhart_001_1_1.pst.145.xls,OP.Power Desk Daily Price:B7,90,61,1,61,1
kim_ward_000_1_2.pst.383.xls,Sales:C9,70,1986,28,508,29
benjamin_rogers_000_1_1.pst.105.xls,STRIPS:W25,1947,115,2,115,2
lindy_donoho_000_1_1_1.pst.11.xls,WOT by Month thru 2010:H32,150,225,3,216,3
andy_zipper_000_1_1.pst.78.xls,DD-ENA:F500,60,8,1,8,1
andy_zipper_000_1_1.pst.167.xls,Deal Detail:B9,65,639,7,1,8
don_baughman_000_1_1.pst.144.xls,Sheet1:C20,140,37,1,21,1
don_baughman_000_1_1.pst.101.xls,Sheet1:C20,109,37,1,21,1
larry_campbell_000_1_1.pst.502.xls,Sheet1:C20,93,37,1,21,1
don_baughman_000_1_1.pst.187.xls,Sheet1:C20,112,37,0,21,0
vkaminski_001_1_2_1.pst.62.xls,5b. 7.3:D4,1559,29029,672,29029,699
andy_zipper_000_1_1.pst.84.xls,TRANSACTIONSUMMARYREPORT -1:N4780,861,9,0,4,0
chris_germany_000_1_2.pst.208.xls,Jan 01 trial:AW14,496,13,0,13,0
paul_y'barbo_000_1_1.pst.127.xls,USGT 500616:G12,78,349,5,349,6
vkaminski_001_1_2_1.pst.159.xls,Escalation:A20,195,1883,25,1883,27
stacey_white_000_1_1.pst.279.xls,BRA Power:A6,1535,4385,338,4385,341
matthew_lenhart_001_1_1.pst.173.xls,OP.Power Desk Daily Price:B7,81,61,1,61,1
john_arnold_000_1_2.pst.354.xls,WinsTrades:E12,110,179,2,179,2
robin_rodrigue_000_1_1.pst.199.xls,Months:F4,144,124,0,124,0
vkaminski_000_1_1_1.pst.23.xls,CashFlow:B3,217,504,6,504,6
john_lavorato_001_1_1_1.pst.94.xls,CP Trade Data:F3,2627,34739,620,34735,655
darron_c_giron_002_1_1_1.pst.157.xls,30 Year:J3,79,2162,40,2162,41
thomas_martin_000_1_1_1.pst.194.xls,Physical Non EOL (2):C5,156,5,0,5,0
joe_parks_000_1_1.pst.296.xls,Data:J2,94,337,2,1,2
andy_zipper_000_1_1.pst.81.xls,DD-ENA:F500,56,8,0,8,0
tracy_geaccone_000_1_1.pst.198.xls,EREC-EREC4:E33,96,86,1,86,1
joe_parks_000_1_1.pst.121.xls,Permian Matrix:A186,192,178,2,177,2
john_griffith_000_1_1.pst.26.xls,Sheet1:E11,184,527,5,527,6
cooper_richey_000_1_1.pst.30.xls,DATA:F1556,67,3,0,1,0
andy_zipper_000_1_1.pst.73.xls,DD-ENA:F500,68,8,0,8,0
jonathan_mckay_000_1_1.pst.113.xls,Normals:C3,375,201,1,1,1
mike_grigsby_000_1_1_1.pst.108.xls,Power Curve:J5,1329,34481,1874,34481,1908
benjamin_rogers_001_1_1.pst.34.xls,Wheatland:Z66,89,46,1,45,1
larry_may_000_1_1.pst.311.xls,WEST GAMMA:CY2,604,0,0,0,0
robin_rodrigue_000_1_1.pst.133.xls,swap_model:B9,162,1686,33,1682,35
matthew_lenhart_001_1_1.pst.96.xls,OP.Power Desk Daily Price:B7,94,61,1,61,1
gerald_nemec_000_1_1.pst.11.xls,Cash Flows:B12,107,4266,71,4266,75
vkaminski_000_1_1_1.pst.281.xls,Expiration Dates:F9,214,1077,12,1077,13
vkaminski_000_1_1_1.pst.176.xls,ALUMINUM_S:B3288,366,7,0,5,0
jane_tholt_000_1_1.pst.18.xls,Assign To West Contracts:CI10,72,218,3,89,3
don_baughman_000_1_1.pst.147.xls,Sheet1:C20,98,37,0,21,0
darron_c_giron_000_1_1_1.pst.165.xls,Run Query:D25,155,28,1,1,1
andy_zipper_000_1_1.pst.65.xls,DD-ENA:F500,66,8,0,8,0
benjamin_rogers_001_1_1.pst.50.xls,Debt:E160,100,1343,25,1322,26
stacey_white_000_1_1.pst.300.xls,BRA Power:A6,1604,4385,413,4385,416
lindy_donoho_000_1_1_1.pst.142.xls,WOT by Month thru 2010:H32,135,225,4,216,4
darron_c_giron_002_1_1_1.pst.149.xls,Christopher-Custodial:E6,183,1134,16,1134,17
benjamin_rogers_000_1_1.pst.57.xls,Gas Curves:BV2,482,0,0,0,0
andy_zipper_000_1_1.pst.88.xls,TRANSACTIONSUMMARYREPORT -1:N4780,838,9,1,4,1
vkaminski_001_1_2_1.pst.36.xls,RMPM-Whole:I12,493,2711,59,2710,62
cooper_richey_000_1_1.pst.29.xls,Results:K5551,90,3,1,1,1
don_baughman_000_1_1.pst.178.xls,Sheet1:C20,99,37,0,21,0
kevin_presto_000_1_1.pst.17.xls,CALC:C104,87,182,1,1,1
keith_holst_000_1_1.pst.68.xls,Data WEI:B2,870,3709,51,2,52
tracy_geaccone_000_1_1.pst.151.xls,Trackers:D61,173,1098,21,1087,21
robin_rodrigue_000_1_1.pst.148.xls,Sheet12:R936,548,3,1,2,1
harry_arora_000_1_1.pst.14.xls,Gas Curves:BV2,433,0,0,0,0
vkaminski_001_1_2_1.pst.130.xls,Expiration Dates:F9,223,1077,12,1077,13
don_baughman_000_1_1.pst.140.xls,Sheet1:C20,100,37,1,21,1
jonathan_mckay_000_1_1.pst.11.xls,TETCO_TRANSCO:Y86,280,270,3,270,3
john_arnold_000_1_2.pst.327.xls,F Trades:I22,311,202,3,198,3
david_delainey_000_1_1_1.pst.3.xls,Income:E4,156,1441,24,1438,25
bill_williams_iii_000_1_1.pst.68.xls,22:H6,499,268,4,268,4
benjamin_rogers_000_1_1.pst.25.xls,Kevin Forecast:E757,80,168,1,1,1
joe_quenet_000_1_1.pst.17.xls,DATA:F1380,38,3,0,1,0
mike_grigsby_000_1_1_1.pst.261.xls,Months:F4,159,306,3,306,3
chris_dorland_000_1_1_1.pst.47.xls,SWAP MODEL:I2,87,2226,44,2222,46
benjamin_rogers_000_1_1.pst.42.xls,Kevin Forecast:E757,78,168,1,1,1
tracy_geaccone_000_1_1.pst.417.xls,Detail:T1,466,481,9,297,9
sally_beck_002_1_1_1.pst.5.xls,Calculation:X20,887,1960,28,1960,30
jonathan_mckay_000_1_1.pst.26.xls,TETCO_TRANSCO:F38,230,729,8,729,8
benjamin_rogers_001_1_1.pst.155.xls,Maine Thermal:D100,464,695,13,695,14
don_baughman_000_1_1.pst.186.xls,Sheet1:C20,100,37,1,21,1
tracy_geaccone_000_1_1.pst.264.xls,Trackers:D45,159,875,15,865,15
vkaminski_000_1_1_1.pst.26.xls,Analysis:B4,96,3467,1491,3463,1493
jeff_dasovich_000_1_1_1.pst.116.xls,Curves:B10,115,4343,81,4337,84
don_baughman_000_1_1.pst.100.xls,Sheet1:C20,102,37,1,21,1
don_baughman_000_1_1.pst.194.xls,Sheet1:C20,98,37,0,21,0
louise_kitchen_000_1_1_1_1.pst.254.xls,Cost Cancel Details:C58,216,667,13,667,13
chris_germany_000_1_2.pst.1111.xls,Chg vs FOM 03-24-00:BT499,230,0,0,0,0
eric_saibi_000_1_1.pst.598.xls,ERCOT MCP BY INTERVAL:L14,212,14,0,7,0
don_baughman_000_1_1.pst.205.xls,Individual trades:C104,131,34,1,16,1
robin_rodrigue_000_1_1.pst.15.xls,Detail:J4400,145,1,1,1,1
daren_farmer_000_1_1.pst.284.xls,Jan 01 trial:AW14,245,13,0,13,0
vkaminski_000_1_1_1.pst.257.xls,T09252000.factors:J880,133,8,0,2,0
andy_zipper_000_1_1.pst.142.xls,TRANSACTIONSUMMARYREPORT -1:N4780,852,9,0,4,0
mary_fischer_000_1_1.pst.114.xls,Feb 2002:A9,91,858,15,850,16
robin_rodrigue_000_1_1.pst.157.xls,Detail:J4400,140,1,0,1,0
don_baughman_000_1_1.pst.132.xls,Sheet1:C20,86,37,1,21,1
mike_swerzbin_000_1_1.pst.4.xls,GcDDisch_UsgsUsace1029_0901:A25335,234,366,3,1,4
dutch_quigley_000_1_1.pst.200.xls,Position:Z2,506,2555,45,2532,47
robin_rodrigue_000_1_1.pst.270.xls,Sheet9:R936,706,3,0,2,0
joe_stepenovitch_000_1_1.pst.25.xls,Results:K5551,95,3,0,1,0
vkaminski_000_1_1_1.pst.2.xls,Curves:BR327,309,0,0,0,0
daren_farmer_000_1_1.pst.102.xls,Jan 01 trial:AW14,206,13,0,13,0
elizabeth_sager_000_1_1.pst.103.xls,Top Exposure (2):F500,581,5,0,3,0
vkaminski_001_1_2_1.pst.131.xls,Expiration Dates:F9,214,1077,11,1077,12
jane_tholt_000_1_1.pst.19.xls,Assign To West Contracts:CI10,71,218,4,89,4
don_baughman_000_1_1.pst.180.xls,Sheet1:C20,98,37,1,21,1
chris_germany_000_1_2.pst.1062.xls,Sheet2:K231,472,127,1,126,1
benjamin_rogers_001_1_1.pst.109.xls,Stratus Report:A15,137,1113,20,1113,20
benjamin_rogers_000_1_1.pst.7.xls,SPREADS:AC12,82,79,1,77,1
andy_zipper_000_1_1.pst.64.xls,DD-ENA:F500,66,8,0,8,0
benjamin_rogers_001_1_1.pst.222.xls,Debt:E160,96,1344,24,1323,24
benjamin_rogers_000_1_1.pst.11.xls,STRIPS:W25,1458,115,2,115,2
jim_schwieger_000_1_1.pst.100.xls,NYMEX-PR:A1536,93,4909,11451,3231,11453
darron_c_giron_002_1_1_1.pst.143.xls,Darron:E5,198,2978,48,2978,51
matthew_lenhart_001_1_1.pst.158.xls,OP.Power Desk Daily Price:B7,88,61,0,61,0
joe_parks_000_1_1.pst.218.xls,Jan 01 trial:AW14,452,13,0,13,0
larry_may_000_1_1.pst.302.xls,WEST GAMMA:CY2,621,0,0,0,0
vkaminski_000_1_1_1.pst.175.xls,NICKEL:B3288,350,7,0,5,0
mike_grigsby_000_1_1_1.pst.133.xls,Months:F4,151,306,2,306,2
andy_zipper_000_1_1.pst.111.xls,Deal Detail:B9,53,546,5,1,5
andy_zipper_000_1_1.pst.82.xls,Sheet1:C16,57,46,1,46,1
chris_germany_000_1_2.pst.1044.xls,Sheet2:K288,408,127,2,126,2
darrell_schoolcraft_000_1_1_1.pst.700.xls,USGT 500616:G12,71,349,4,349,5
joe_parks_000_1_1.pst.120.xls,Tx Gulf Matrix:A181,113,176,2,88,2
john_arnold_000_1_2.pst.135.xls,Data-Apr-Sep:C6,60,3,0,3,0
benjamin_rogers_001_1_1.pst.115.xls,Stratus Report:A15,124,1113,17,1113,18
benjamin_rogers_000_1_1.pst.170.xls,Sky River:C60,211,563,9,460,10
vladi_pimenov_000_1_1.pst.60.xls,Raw Data:CU4,557,17832,405,17831,424
don_baughman_000_1_1.pst.195.xls,Sheet1:C20,99,37,1,21,1
mike_grigsby_000_1_1_1.pst.188.xls,Months:F4,232,306,2,306,2
chris_germany_000_1_2.pst.161.xls,gatherco:J3,124,1132,13,1132,14
jeff_dasovich_000_1_1_1.pst.115.xls,Curves:B10,111,4343,84,4337,88
matthew_lenhart_001_1_1.pst.164.xls,OP.Power Desk Daily Price:B7,90,61,1,61,1
tori_kuykendall_000_1_1_1.pst.122.xls,Sheet1:C1,94,3948,57,3948,61
daren_farmer_000_1_1.pst.110.xls,Jan 01 trial:AW14,177,13,0,13,0
louise_kitchen_000_1_1_1_1.pst.1.xls,Cost Cancel Details:C58,240,667,13,667,13
andy_zipper_000_1_1.pst.58.xls,DD-ENA:F500,69,6,0,6,0
larry_campbell_000_1_1.pst.381.xls,Sheet1:E671,47,47,0,47,0
tracy_geaccone_000_1_1.pst.152.xls,Trackers:D45,156,875,16,865,17
don_baughman_000_1_1.pst.179.xls,Sheet1:C20,109,37,1,21,1
phillip_allen_000_1_1.pst.134.xls,UCost Final:Q8,80,2518,59,2516,61
chris_germany_000_1_2.pst.1059.xls,Sheet2:K602,418,127,1,126,1
vkaminski_000_1_1_1.pst.169.xls,MG Credit:H10,500,3429,46,3421,49
jonathan_mckay_000_1_1.pst.25.xls,TETCO_TRANSCO:F38,260,729,8,729,9
phillip_allen_000_1_1.pst.102.xls,Power Curve:J5,1187,31841,1576,31841,1609
richard_ring_000_1_1.pst.95.xls,Commercial Energy Services:K49,404,5,0,5,0
don_baughman_000_1_1.pst.185.xls,Sheet1:C20,107,37,0,21,0
louise_kitchen_000_1_1_1_1.pst.255.xls,Cost Cancel Details:C58,228,667,12,667,12
peter_keavey_000_1_1.pst.21.xls,Realized Vol:A1422,273,88,1,1,1
benjamin_rogers_000_1_1.pst.191.xls,CCFMODEL:H10,556,2973,69,2970,71
errol_mclaughlin_jr_000_1_1.pst.136.xls,Gas Swap Model:B10,215,8313,198,8303,206
kam_keiser_000_1_1.pst.16.xls,LongTerm73:D22,1237,5959,129,5958,132
kevin_ruscitti_000_1_1.pst.152.xls,03-15-00AM:BT499,201,0,0,0,0
harry_arora_000_1_1.pst.121.xls,vol data:N28,87,46,1,46,1
chris_germany_000_1_2.pst.1112.xls,April EPA Vols:K336,231,16,0,16,0
mike_grigsby_000_1_1_1.pst.251.xls,Months:F4,142,306,2,306,2
tracy_geaccone_000_1_1.pst.239.xls,Trackers:D45,140,875,15,865,16
frank_ermis_000_1_1.pst.180.xls,Months:F4,223,306,2,306,2
chris_germany_000_1_2.pst.1172.xls,April  12:B2,83,175,3,174,3
gstorey_000_1_1.pst.111.xls,king 80-15-5:E2,114,4951,119,4951,124
tori_kuykendall_000_1_1_1.pst.12.xls,GDA:K23,453,140,1,140,1
teb_lokey_000_1_1.pst.20.xls,YR_REV:D140,98,253,3,253,4
richard_ring_000_1_1.pst.176.xls,Commercial Energy Services:K49,398,5,0,5,0
daren_farmer_001_1_1.pst.1195.xls,Dec:B4,165,602,9,602,9
andy_zipper_000_1_1.pst.97.xls,TRANSACTIONSUMMARYREPORT -1:N4780,873,9,0,4,0
jim_schwieger_000_1_1.pst.110.xls,Sheet2:J5,273,4212,104,4212,109
robin_rodrigue_001_1_1.pst.3.xls,Sheet12:R936,602,3,0,2,0
don_baughman_000_1_1.pst.131.xls,Sheet1:C20,95,37,1,21,1
dutch_quigley_000_1_1.pst.201.xls,Position:Z2,332,2555,46,2532,48
jane_tholt_000_1_1.pst.191.xls,Summary:B185,69,1485,120,1485,121
john_griffith_000_1_1.pst.187.xls,Transco Z3:F3,997,8311,193,8302,199
vkaminski_003_1_1_1.pst.21.xls,VAR:A4601,75,2802,78,2794,80
daren_farmer_000_1_1.pst.103.xls,Jan 01 trial:AW14,214,13,0,13,1
stacey_white_000_1_1.pst.249.xls,OP.Power Desk Daily Price:B7,87,61,0,61,0
larry_may_000_1_1.pst.312.xls,DATA:B3,133,60,0,1,1
vkaminski_000_1_1_1.pst.258.xls,R11_logs:BM389,453,0,0,0,0
louise_kitchen_000_1_1_1_1.pst.238.xls,Cost Cancel Details:C58,235,667,13,667,14
vkaminski_002_1_1_1.pst.275.xls,Calculations:AR2,525,0,0,0,0
vkaminski_000_1_1_1.pst.212.xls,w5000:B361,127,895,26,895,26
vkaminski_000_1_1_1.pst.255.xls,factors2:I2545,376,8,0,1,1
benjamin_rogers_001_1_1.pst.134.xls,DPL Prices for Summer:U165,69,4,0,4,0
john_griffith_000_1_1.pst.516.xls,Sheet1:B2473,151,29,1,9,1
robin_rodrigue_000_1_1.pst.151.xls,Sheet14:R3752,490,3,0,2,0
holden_salisbury_000_1_1.pst.33.xls,UAMPS:M5741,746,4,0,4,0
benjamin_rogers_000_1_1.pst.171.xls,BaseLoad:B1,206,720,8,720,9
joe_parks_000_1_1.pst.227.xls,Jan 01 trial:AW14,524,13,0,13,0
don_baughman_000_1_1.pst.181.xls,Sheet1:C20,110,37,1,21,1
darron_c_giron_002_1_1_1.pst.167.xls,Cash Flow:F5,54,1403,20,1403,21
stacey_white_000_1_1.pst.139.xls,Var. Rpt EPMI:H51,83,12,0,11,0
jonathan_mckay_000_1_1.pst.13.xls,TETCO_TRANSCO:Y86,265,270,3,270,4
john_griffith_000_1_1.pst.184.xls,Transco Z3:F3,875,8311,198,8302,204
scott_neal_000_1_1.pst.192.xls,Weather:L12418,268,6680,355,6680,362
don_baughman_000_1_1.pst.129.xls,Sheet1:C20,92,37,0,21,0
robin_rodrigue_000_1_1.pst.166.xls,Detail:J4400,157,1,0,1,0
don_baughman_000_1_1.pst.149.xls,Sheet1:C20,109,37,1,21,1
andy_zipper_000_1_1.pst.75.xls,DD-ENA:F500,69,8,1,8,1
vkaminski_000_1_1_1.pst.27.xls,Distributions:D5,282,4516,173,4513,179
andy_zipper_000_1_1.pst.59.xls,DD-ENA:F500,66,8,0,8,0
andy_zipper_000_1_1.pst.120.xls,TRANSACTIONSUMMARYREPORT -1:N4780,854,9,0,4,0
benjamin_rogers_000_1_1.pst.139.xls,Debt:B58,77,711,14,708,15
don_baughman_000_1_1.pst.196.xls,8-1:C20,212,37,1,21,1
andy_zipper_000_1_1.pst.16.xls,TRANSACTIONSUMMARYREPORT -1:N4780,832,9,0,4,0
michelle_lokay_000_1_2_1.pst.368.xls,PNM 500617:H12,47,238,3,234,3
vkaminski_000_1_1_1.pst.278.xls,READDATA:AD6,91,0,0,0,0
john_arnold_000_1_2.pst.108.xls,F Trades:I22,294,191,3,191,3
benjamin_rogers_000_1_1.pst.143.xls,Depreciation:Z46,65,543,8,543,9
rick_buy_000_1_1_1_1.pst.186.xls,DefaultProbs:H96,829,7930,1034,7930,1040
daren_farmer_000_1_1.pst.387.xls,Jan 01 trial:AW14,250,13,0,13,0
mike_carson_000_1_1.pst.42.xls,Results:K5551,96,3,0,1,0
jeff_dasovich_000_1_1_1.pst.44.xls,SUMMARY:D2,71,3,1,3,1
jane_tholt_000_1_1.pst.16.xls,Assign To West Contracts:CI10,78,218,3,89,3
joe_quenet_000_1_1.pst.18.xls,Results:K5551,102,3,0,1,0
chris_germany_000_1_2.pst.1063.xls,Sheet2:K231,457,127,2,126,2
vladi_pimenov_000_1_1.pst.61.xls,Raw Data:CU4,579,17832,492,17831,512
john_forney_000_1_1.pst.59.xls,ERCOT MCP BY INTERVAL:L14,203,14,0,7,0
vkaminski_001_1_2_1.pst.160.xls,Escalation:A20,178,1883,23,1883,24
paul_y'barbo_000_1_1.pst.64.xls,76%:D2,136,2018,24,2018,26
stacey_white_000_1_1.pst.305.xls,BRA Power:A6,1561,4385,421,4385,425
don_baughman_000_1_1.pst.141.xls,Sheet1:C20,113,37,0,21,0
sally_beck_000_1_1_1_1.pst.577.xls,C4-SWAPS:C2679,1363,46,0,43,0
john_griffith_000_1_1.pst.846.xls,Swaps:C1086,407,1672,24,1672,26
john_lavorato_001_1_1_1.pst.82.xls,Cost Cancel Details:C18,233,667,12,667,12
vkaminski_000_1_1_1.pst.127.xls,NG:A255,251,24,1,23,1
mary_fischer_000_1_1.pst.116.xls,Feb 2002:A9,142,858,15,850,15
darron_c_giron_000_1_1_1.pst.276.xls,PRD Location_Def:K3439,830,2,0,2,0
andy_zipper_000_1_1.pst.87.xls,TRANSACTIONSUMMARYREPORT -1:N4780,783,9,0,4,0
mike_grigsby_000_1_1_1.pst.146.xls,Months:F4,146,306,2,306,3
craig_dean_000_1_1.pst.124.xls,Interval Data:A9177,259,3,0,1,0
mary_hain_000_1_1.pst.160.xls,CALC:I17,132,1458,32,1458,33
don_baughman_000_1_1.pst.134.xls,Sheet1:C20,110,37,0,21,0
tracy_geaccone_000_1_1.pst.238.xls,CASHFLOW:D318,123,289,4,289,4
mike_grigsby_000_1_1_1.pst.189.xls,Months:F4,236,306,2,306,2
daren_farmer_000_1_1.pst.100.xls,Jan 01 trial:AW14,174,13,1,13,1
don_baughman_000_1_1.pst.177.xls,Sheet1:C20,110,37,0,21,0
joe_parks_000_1_1.pst.5.xls,GasDaily:C34,66,93,1,87,1
brad_mckay_000_1_1.pst.0.xls,Weather:L12418,191,6680,330,6680,337
vladi_pimenov_000_1_1.pst.6.xls,ANRHistorical:A1,83,2428,37,2428,39
stacey_white_000_1_1.pst.252.xls,BRA Power:A6,1544,4385,450,4385,453
chris_germany_000_1_2.pst.166.xls,gatherco:J3,116,1133,15,1133,16
lindy_donoho_000_1_1_1.pst.17.xls,WOT by Month thru 2010:H32,155,225,4,216,4
jim_schwieger_000_1_1.pst.111.xls,Module2:BI1214,1008,3,0,3,0
andy_zipper_000_1_1.pst.23.xls,Deal Detail:A9,90,897,11,1,11
mark_taylor_001_1_1.pst.120.xls,NY:J88,105,4988,134,4988,139
jay_reitmeyer_000_1_1.pst.201.xls,Sheet1:A25,118,88,1,1,1
jonathan_mckay_000_1_1.pst.28.xls,TETCO_TRANSCO:F38,247,729,8,729,9
mary_fischer_000_1_1.pst.101.xls,Feb 2002:A9,89,858,15,850,16
andy_zipper_000_1_1.pst.66.xls,DD-ENA:F500,66,8,0,8,0
gstorey_000_1_1.pst.15.xls,ANR Willow:A138,39,30,1,1,1
louise_kitchen_000_1_1_1_1.pst.237.xls,Cost Cancel Details:C58,224,667,13,667,14
gstorey_000_1_1.pst.108.xls,Curves:X13,230,174,2,174,2
chris_germany_000_1_1_1.pst.96.xls,Total Reqs:J69,104,251,4,251,4
tracy_geaccone_000_1_1.pst.266.xls,CASHFLOW:H315,119,289,5,289,5
andy_zipper_000_1_1.pst.72.xls,DD-ENA:F500,65,8,0,8,0
vkaminski_000_1_1_1.pst.182.xls,DATABASE:F5076,91,2,0,1,0
robin_rodrigue_000_1_1.pst.266.xls,Sheet8:S2791,385,3,0,2,0
robin_rodrigue_000_1_1.pst.13.xls,Detail:J4400,155,1,0,1,0
benjamin_rogers_001_1_1.pst.52.xls,Wheatland:Z66,92,46,0,45,0
errol_mclaughlin_jr_000_1_1.pst.137.xls,EO9904.1 floor:F3,1453,8673,218,8663,225
tori_kuykendall_000_1_1_1.pst.0.xls,Sheet1:C1,85,3948,53,3948,56
phillip_allen_000_1_1.pst.253.xls,Power Curve:J5,1113,31846,1545,31846,1574
jonathan_mckay_000_1_1.pst.12.xls,TETCO_TRANSCO:Y86,260,270,4,270,4
john_forney_000_1_1.pst.58.xls,ERCOT MCP BY INTERVAL:L14,217,14,0,7,0
lindy_donoho_000_1_1_1.pst.15.xls,WOT by Month thru 2010:H32,150,225,4,216,4
john_griffith_000_1_1.pst.185.xls,MAIN:S22,905,16145,439,16145,455
louise_kitchen_000_1_1_1_1.pst.242.xls,Cost Cancel Details:C58,251,667,14,667,15
jeff_dasovich_000_1_1_1.pst.138.xls,SCE Assessment:C44,148,3567,81,3548,85
tori_kuykendall_000_1_1_1.pst.15.xls,Sheet1:C1,92,3948,56,3948,59
andy_zipper_000_1_1.pst.74.xls,DD-ENA:F500,66,8,0,8,0
vkaminski_000_1_1_1.pst.256.xls,factors_mod:H1042,197,8,0,2,0
kevin_ruscitti_000_1_1.pst.49.xls,Swap:A8,63,1159,18,1159,18
louise_kitchen_001_1_1_1.pst.374.xls,West Power Origination:M21,74,54,0,54,0
phillip_m_love_001_1_1.pst.209.xls,LongTerm3:D22,157,958,17,957,18
mike_grigsby_000_1_1_1.pst.247.xls,Months:F4,158,306,2,306,2
phillip_allen_000_1_1.pst.132.xls,UCost Final:Q8,79,2518,58,2516,61
john_griffith_000_1_1.pst.322.xls,Gas Swap Model:F3,232,8312,237,8302,246
daren_farmer_000_1_1.pst.388.xls,Jan 01 trial:AW14,379,13,0,13,0
tori_kuykendall_000_1_1_1.pst.106.xls,Sheet1:C1,88,3948,55,3948,59
don_baughman_000_1_1.pst.182.xls,Sheet1:C20,106,37,1,21,1
richard_shapiro_000_1_1.pst.140.xls,Gas Swap Model:B10,252,8313,193,8303,199
david_delainey_000_1_1_1.pst.4.xls,Income:E7,150,1441,24,1438,25
lisa_gang_000_1_1.pst.136.xls,Dec LOAD FORECAST:F500,70,2049,43,2049,44
don_baughman_000_1_1.pst.148.xls,Sheet1:C20,105,37,0,21,0
joe_parks_000_1_1.pst.119.xls,E TX Matrix:A182,247,266,3,176,3
sally_beck_002_1_1_1.pst.3.xls,Calculation:X20,958,1960,31,1960,32
bill_williams_iii_000_1_1.pst.56.xls,Sheet1:C58,113,37,1,21,1
vladi_pimenov_000_1_1.pst.57.xls,Raw Data:CU4,621,17832,422,17831,444
andy_zipper_000_1_1.pst.80.xls,DD-ENA:F500,55,8,0,8,0
john_griffith_000_1_1.pst.200.xls,NP1265.2:F3,738,8312,201,8302,208
james_steffes_000_1_1.pst.221.xls,ANZA LOAD_LOSSES:E5685,203,6,0,6,0
chris_dorland_000_1_1_1.pst.59.xls,Jan01:C62,216,159,4,157,4
monika_causholli_000_1_1.pst.60.xls,Sheet1:AD6,110,0,0,0,0
andy_zipper_000_1_1.pst.18.xls,Deal Detail:A9,74,719,8,1,9
jeff_dasovich_000_1_1_1.pst.117.xls,PeakMonthlyAvg:B14,53,436,12,436,12
don_baughman_000_1_1.pst.133.xls,Sheet1:C20,95,37,0,21,0
vkaminski_001_1_2_1.pst.39.xls,Equity:K12,45,22,0,22,0
mike_grigsby_000_1_1_1.pst.147.xls,Months:F4,149,306,2,306,3
joe_parks_000_1_1.pst.6.xls,GasDaily:C34,73,93,1,87,1
daren_farmer_000_1_1.pst.101.xls,Jan 01 trial:AW14,195,13,1,13,1
matthew_lenhart_000_1_1.pst.19.xls,Power Curve:J5,1176,31738,1592,31738,1622
don_baughman_000_1_1.pst.176.xls,Sheet1:C20,111,37,0,21,0
jim_schwieger_000_1_1.pst.71.xls,NYMEX-PR:A1536,101,4909,11090,3231,11093
vkaminski_000_1_1_1.pst.313.xls,READDATA:AD6,137,0,0,0,0
vkaminski_001_1_2_1.pst.161.xls,Escalation:A20,691,2422,37,2422,39
kevin_ruscitti_000_1_1.pst.100.xls,Mar Actuals:BT499,215,0,0,0,0
phillip_m_love_000_1_1.pst.681.xls,m1:C12,486,2021,33,2021,34
benjamin_rogers_000_1_1.pst.18.xls,STRIPS:W25,1568,115,1,115,1
louise_kitchen_000_1_1_1_1.pst.257.xls,Cost Cancel Details:C58,248,667,11,667,11
mike_grigsby_000_1_1_1.pst.260.xls,Months:F4,152,306,2,306,2
jonathan_mckay_000_1_1.pst.27.xls,TETCO_TRANSCO:F38,240,729,9,729,9
jim_schwieger_000_1_1.pst.112.xls,Module2:BQ1974,390,3,0,3,0
chris_germany_000_1_2.pst.1057.xls,Sheet2:K602,398,127,2,126,2
andy_zipper_000_1_1.pst.52.xls,DD-EPM:U429,62,4,0,2,0
rick_buy_000_1_1_1_1.pst.170.xls,Cost Cancel Details:C18,223,667,12,667,12
kevin_presto_000_1_1.pst.16.xls,MAIN:U19,922,16105,6359,16105,6376
vkaminski_000_1_1_1.pst.177.xls,ALUMINUM_H:B3992,400,7,0,5,0
tracy_geaccone_000_1_1.pst.237.xls,Trackers:D61,178,1098,22,1087,23
chris_germany_000_1_2.pst.1136.xls,03-31-00Apr:BT499,437,0,0,0,0
jonathan_mckay_000_1_1.pst.122.xls,Rate 11 Balancing:B42,1510,23749,519,23749,542
darrell_schoolcraft_000_1_1_1.pst.428.xls,USGT 500616:G12,71,349,5,349,5
stacey_white_000_1_1.pst.296.xls,BRA Power:A6,1514,4385,354,4385,356
vkaminski_000_1_1_1.pst.307.xls,Expiration Dates:F9,212,1077,11,1077,12
stacey_white_000_1_1.pst.1.xls,BRA Power:A6,1332,4385,383,4385,385
jim_schwieger_000_1_1.pst.106.xls,NYMEX-PR:A1536,89,4909,11605,3231,11608
benjamin_rogers_000_1_1.pst.116.xls,Stratus Report:A15,124,1113,18,1113,19
don_baughman_000_1_1.pst.127.xls,Sheet1:C47,91,37,1,21,1
kevin_ruscitti_000_1_1.pst.4.xls,Swap:A8,64,1159,18,1159,19
jane_tholt_000_1_1.pst.198.xls,Summary:B185,73,1485,99,1485,101
andy_zipper_000_1_1.pst.67.xls,DD-ENA:F500,67,8,0,8,0
joe_parks_000_1_1.pst.211.xls,Jan 01 trial:AW14,432,13,0,13,0
