fileName,Longest Dep Ref,GraphBuildTime,NoCompLookupSize,NoCompLookupTime,NoCompPostProcessedLookupSize,NoCompPostProcessedLookupTime
stacey_white_000_1_1.pst.254.xls,AlphaSort:F4400,1064,3,25,1,26
darron_c_giron_002_1_1_1.pst.177.xls,Darron:J4,356,2978,72,2978,81
stacey_white_000_1_1.pst.262.xls,BRA Power:A6,1970,4385,141,4385,150
mike_grigsby_000_1_1_1.pst.248.xls,Months:F4,165,306,2,306,2
kevin_ruscitti_000_1_1.pst.156.xls,03-21-00AM:X531,256,1,0,1,0
daren_farmer_001_1_1.pst.895.xls,Mar 99:N16,75,131,1,131,1
mike_grigsby_000_1_1_1.pst.256.xls,Months:F4,262,306,3,306,3
robin_rodrigue_000_1_1.pst.11.xls,Detail:E3372,167,1,0,1,0
david_delainey_000_1_2.pst.137.xls,IDC:H11,100,23,0,3,0
dutch_quigley_000_1_1.pst.211.xls,Opt:B10,201,294,3,1,3
benjamin_rogers_000_1_1.pst.45.xls,PJM:N12,534,33,1,19,1
vkaminski_000_1_1_1.pst.229.xls,SHIPS:B26,134,613,4,2,4
phillip_allen_000_1_1.pst.212.xls,NYMEX:A13,1121,1,0,1,0
vkaminski_000_1_1_1.pst.141.xls,053100:C51,368,3150,48,3150,53
don_baughman_000_1_1.pst.119.xls,Sheet1:C38,150,37,1,21,1
vkaminski_000_1_1_1.pst.172.xls,COPPER:B3505,397,7,0,5,0
gerald_nemec_000_1_1.pst.126.xls,Jul:A11,50,199,2,199,2
louise_kitchen_000_1_1_1_1.pst.258.xls,Cost Cancel Details:D92,266,461,4,461,4
benjamin_rogers_001_1_1.pst.136.xls,ENA Debt:B11,148,126,1,108,1
kevin_ruscitti_000_1_1.pst.125.xls,Phys Test:E15,271,6479,52,6478,62
jonathan_mckay_000_1_1.pst.23.xls,TETCO_TRANSCO:F38,270,729,5,729,6
don_baughman_000_1_1.pst.135.xls,Sheet1:C38,114,37,1,21,1
harry_arora_000_1_1.pst.123.xls,vol data:N470,99,46,0,46,0
benjamin_rogers_000_1_1.pst.173.xls,Peak Revenue:A10,214,239,2,1,2
benjamin_rogers_000_1_1.pst.37.xls,Daily Curve:S3,241,669,6,1,6
don_baughman_000_1_1.pst.167.xls,Sheet1:C38,115,37,1,21,1
don_baughman_000_1_1.pst.183.xls,Sheet1:C38,141,37,0,21,1
stacey_white_000_1_1.pst.269.xls,BRA Power:A6,1680,4385,81,4385,86
tracy_geaccone_000_1_1.pst.147.xls,Trackers:D344,164,236,2,236,2
kevin_ruscitti_000_1_1.pst.101.xls,Mar Actuals:X531,234,1,0,1,0
benjamin_rogers_001_1_1.pst.152.xls,Debt:B54,77,366,3,364,4
kevin_presto_000_1_1.pst.261.xls,Results:K40,104,3,0,1,0
kim_ward_000_1_2.pst.406.xls,July 17 Supply Price:A3,79,36,0,1,1
andy_zipper_000_1_1.pst.77.xls,DD-EGL:P29,75,3,0,3,0
jim_schwieger_000_1_1.pst.113.xls,Sheet1:DQ1659,502,3,0,3,0
darron_c_giron_002_1_1_1.pst.154.xls,Darron:E4,177,1999,15,1999,17
vkaminski_000_1_1_1.pst.276.xls,payout model:D74,66,310,3,310,3
don_baughman_000_1_1.pst.151.xls,Sheet1:C38,114,37,0,21,0
john_lavorato_000_1_1_1.pst.57.xls,POS Lambie:AX2,1776,0,0,0,0
john_griffith_000_1_1.pst.197.xls,Curves:G78,496,17,0,17,0
don_baughman_000_1_1.pst.143.xls,Sheet1:C38,115,37,0,21,0
stacey_white_000_1_1.pst.382.xls,NONCEC:B4,82,211,2,160,2
andy_zipper_000_1_1.pst.106.xls,DD-EGL:P29,875,3,0,3,0
joe_parks_000_1_1.pst.133.xls,Variable Rates - Sept:B5,965,158,1,9,1
mark_taylor_001_1_1.pst.58.xls,Sheet1:C369,288,8214,101,8214,113
andy_zipper_000_1_1.pst.70.xls,DD-EGL:P29,72,3,0,3,0
tracy_geaccone_000_1_1.pst.268.xls,Trackers:D184,185,248,2,248,3
jonathan_mckay_000_1_1.pst.15.xls,TETCO_TRANSCO:L31,271,223,2,222,2
don_baughman_000_1_1.pst.128.xls,Sheet1:C38,80,37,0,21,0
andy_zipper_000_1_1.pst.53.xls,DD-EPM:U324,71,4,0,2,0
andy_zipper_000_1_1.pst.68.xls,DD-EGL:P29,70,3,0,3,0
andy_zipper_000_1_1.pst.168.xls,Deal Detail:K23,75,3,1,1,1
don_baughman_000_1_1.pst.175.xls,Sheet1:C38,144,37,1,21,1
john_zufferli_000_1_1.pst.54.xls,DATA:F38,68,3,0,1,0
chris_germany_000_1_2.pst.164.xls,Special Pricing:A327,120,8,0,8,0
andy_zipper_000_1_1.pst.85.xls,DD-EGL:P29,882,3,0,3,0
kevin_hyatt_000_1_1.pst.120.xls,Duke 500621:H12,53,235,2,233,2
jim_schwieger_000_1_1.pst.105.xls,Sheet1:B94,93,73,1,55,1
vkaminski_002_1_1_1.pst.12.xls,5e. 7.8:D4,2003,14018,111,14017,126
darron_c_giron_000_1_1_1.pst.137.xls,PRD Location_Def:H3819,896,2,0,2,0
dutch_quigley_000_1_1.pst.212.xls,Opt:B10,368,294,1,1,1
kevin_ruscitti_000_1_1.pst.157.xls,03-22-00AM:X531,230,1,0,1,0
andy_zipper_000_1_1.pst.144.xls,DD-EGL:P29,858,3,0,3,1
robin_rodrigue_000_1_1.pst.12.xls,Detail:E3372,168,1,0,1,0
andy_zipper_000_1_1.pst.21.xls,DD-EGL:P29,870,3,0,3,0
lindy_donoho_000_1_1_1.pst.123.xls,IG-BL by Month:AG37,86,0,0,0,0
tracy_geaccone_000_1_1.pst.146.xls,Trackers:D184,228,248,3,248,3
don_baughman_000_1_1.pst.189.xls,Sheet1:C38,115,37,1,21,1
fletcher_sturm_000_1_1.pst.99.xls,Filter-new:B1,274,719,5,362,5
don_baughman_000_1_1.pst.200.xls,8-1:C38,230,37,1,21,1
juan_hernandez_000_1_1.pst.10.xls,Sheet1:C38,117,37,0,21,0
robin_rodrigue_000_1_1.pst.159.xls,Detail:E3372,184,1,0,1,0
vkaminski_002_1_1_1.pst.276.xls,Gas Curves:BV2,298,0,0,0,0
daren_farmer_000_1_1.pst.104.xls,Jan 01 trial:AB14,254,0,0,0,0
vkaminski_000_1_1_1.pst.310.xls,Sheet1:A64,436,10866,118,10866,127
dutch_quigley_000_1_1.pst.202.xls,A:DR249,405,493,3,492,4
vkaminski_000_1_1_1.pst.309.xls,Sheet1:A64,436,10866,119,10866,131
elizabeth_sager_000_1_1.pst.122.xls,Top Exposure (2):B651,698,5,0,3,0
juan_hernandez_000_1_1.pst.169.xls,Regional_Spreads:B306,555,18,0,18,0
don_baughman_000_1_1.pst.190.xls,Sheet1:C38,116,37,0,21,0
jonathan_mckay_000_1_1.pst.14.xls,TETCO_TRANSCO:L31,272,223,2,222,2
daren_farmer_000_1_1.pst.1499.xls,Jan 01 trial:AB14,211,0,0,0,0
stacey_white_000_1_1.pst.230.xls,OP.Power Desk Daily Price:B7,96,61,0,61,0
vkaminski_001_1_2_1.pst.125.xls,Metro:G2,104,716,13,716,14
lindy_donoho_000_1_1_1.pst.13.xls,WOT by Month thru 2010:DU7,161,2,1,2,1
michelle_lokay_000_1_2_1.pst.24.xls,Duke 500621:H12,48,235,2,233,2
tori_kuykendall_000_1_1_1.pst.48.xls,Price Sheet:B3,98,69,1,16,1
dutch_quigley_000_1_1.pst.51.xls,Sheet1:A1536,104,4808,1265,3231,1270
don_baughman_000_1_1.pst.152.xls,Sheet1:C38,115,37,1,21,1
mike_grigsby_000_1_1_1.pst.255.xls,Months:F4,168,306,1,306,2
benjamin_rogers_001_1_1.pst.153.xls,Curve Paste:BU217,969,0,0,0,0
andy_zipper_000_1_1.pst.92.xls,DD-EGL:P29,912,3,0,3,0
andy_zipper_000_1_1.pst.170.xls,Deal Detail:K727,91,3,0,1,0
jonathan_mckay_000_1_1.pst.24.xls,TETCO_TRANSCO:F38,271,729,5,729,5
louise_kitchen_000_1_1_1_1.pst.259.xls,Cost Cancel Details:D92,247,461,6,461,6
jonathan_mckay_000_1_1.pst.30.xls,TETCO_TRANSCO:F38,271,729,5,729,6
benjamin_rogers_001_1_1.pst.2.xls,Wilton:T114,99,35,0,35,0
vkaminski_000_1_1_1.pst.304.xls,Expiration Dates:D30,298,6,1,2,1
chris_germany_000_1_1_1.pst.125.xls,Total Reqs:J28,114,259,3,259,3
benjamin_rogers_000_1_1.pst.190.xls,CALC:FA17,637,0,0,0,0
tracy_geaccone_000_1_1.pst.308.xls,Annual Fuel Calc Alt:I30,402,69,0,69,0
benjamin_rogers_000_1_1.pst.142.xls,Debt:B54,79,366,3,364,4
don_baughman_000_1_1.pst.184.xls,Sheet1:C38,116,37,1,21,1
eric_saibi_000_1_1.pst.218.xls,Graph:D4,99,49,0,2,0
andy_zipper_000_1_1.pst.76.xls,DD-EGL:P29,75,3,0,3,0
phillip_m_love_000_1_1.pst.672.xls,m_chg:A7,462,32,0,1,0
louise_kitchen_000_1_1_1_1.pst.0.xls,Cost Cancel Details:D108,249,461,5,461,5
andy_zipper_000_1_1.pst.122.xls,DD-EGL:P29,870,3,0,3,0
don_baughman_000_1_1.pst.142.xls,Sheet1:C38,115,37,0,21,0
darrell_schoolcraft_000_1_1_1.pst.219.xls,Duke 500621:H12,120,235,2,233,2
jim_schwieger_000_1_1.pst.104.xls,Sheet1:AQ17,178,0,0,0,0
john_griffith_000_1_1.pst.546.xls,Power:V62,113,46,1,1,1
benjamin_rogers_000_1_1.pst.157.xls,Debt:B54,75,366,4,364,4
vkaminski_000_1_1_1.pst.286.xls,Expiration Dates:D30,267,6,0,2,0
robin_rodrigue_000_1_1.pst.137.xls,Sheet10:Q355,807,3,0,2,0
chris_germany_000_1_1_1.pst.109.xls,Total Reqs:J11,117,251,2,251,3
louise_kitchen_000_1_1_1_1.pst.249.xls,Cost Cancel Details:D108,250,461,4,461,4
matthew_lenhart_001_1_1.pst.154.xls,OP.Power Desk Daily Price:B7,96,61,0,61,0
scott_neal_000_1_1.pst.533.xls,Sheet1:I2376,90,4,0,4,0
stacey_white_000_1_1.pst.3.xls,BRA Power:A6,1781,4385,80,4385,84
kevin_ruscitti_000_1_1.pst.103.xls,03-27-00AM:CQ24,232,1,1,1,1
andy_zipper_000_1_1.pst.69.xls,DD-EGL:P29,70,3,0,3,0
joe_parks_000_1_1.pst.213.xls,Jan 01 trial:AB14,482,0,0,0,0
andy_zipper_000_1_1.pst.115.xls,DD-EGL:P29,883,3,0,3,0
don_baughman_000_1_1.pst.174.xls,Sheet4:H2,1346,20,0,1,0
lynn_blair_000_1_1.pst.12.xls,Duke 500621:H12,82,235,2,233,2
phillip_m_love_000_1_1.pst.476.xls,LongTerm73:AH22,1647,22,1,20,1
mike_grigsby_000_1_1_1.pst.106.xls,Curves:A1,1234,899,32,899,33
louise_kitchen_000_1_1_1_1.pst.244.xls,Cost Cancel Details:D140,256,461,5,461,6
don_baughman_000_1_1.pst.191.xls,Sheet1:C38,117,37,1,21,1
juan_hernandez_000_1_1.pst.164.xls,Sheet1:C38,118,37,1,21,1
richard_shapiro_001_1_2.pst.124.xls,SUMMARY:D3,79,3,0,3,0
andy_zipper_000_1_1.pst.169.xls,Deal Detail:K23,77,3,0,1,0
darrell_schoolcraft_000_1_1_1.pst.364.xls,MissAla :J36,126,43,0,41,0
eric_saibi_000_1_1.pst.464.xls,ERCOT MCP BY INTERVAL:K7,226,14,0,5,0
errol_mclaughlin_jr_000_1_1.pst.24.xls,MAY-2001:J3,165,372,2,371,2
andy_zipper_000_1_1.pst.71.xls,DD-EGL:P29,70,3,1,3,1
louise_kitchen_000_1_1_1_1.pst.212.xls,HR:H24,83,36,1,35,1
dan_hyvl_000_1_1.pst.112.xls,Purchasers:A119,90,59,0,59,0
andy_zipper_000_1_1.pst.54.xls,DD-EGL:P29,71,3,0,3,0
jonathan_mckay_000_1_1.pst.29.xls,TETCO_TRANSCO:F38,303,729,4,729,5
bill_williams_iii_000_1_1.pst.81.xls,BES Interval Data:F2288,143,1,0,1,0
daren_farmer_000_1_1.pst.1145.xls,Oct :Q16,113,127,2,127,2
benjamin_rogers_000_1_1.pst.12.xls,Peak:B57,254,2,0,1,0
matthew_lenhart_000_1_1.pst.23.xls,Curves:A1,1310,899,32,899,32
phillip_m_love_000_1_1.pst.677.xls,Curves:D15,117,139,1,139,1
vkaminski_000_1_1_1.pst.174.xls,ZINC:B3505,399,7,0,5,0
john_lavorato_001_1_1_1.pst.86.xls,Months:F4,166,306,2,306,2
tracy_geaccone_000_1_1.pst.307.xls,Annual Fuel Calc Alt:I30,410,69,1,69,1
jeff_dasovich_000_1_1_1.pst.91.xls,Template:N9,82,6,0,5,0
benjamin_rogers_001_1_1.pst.5.xls,Wilton:T114,98,35,1,35,1
gstorey_000_1_1.pst.116.xls,InputOutputSheet:S14,2686,360,2,2,2
scott_neal_000_1_1.pst.156.xls,Correlations:BC3,215,0,0,0,0
don_baughman_000_1_1.pst.137.xls,Sheet1:C38,116,37,0,21,0
stacey_white_000_1_1.pst.228.xls,ARG FIRM Port Calc Extract:M39,468,363,4,8,4
tracy_geaccone_000_1_1.pst.269.xls,Trackers:D344,164,236,2,236,3
jane_tholt_000_1_1.pst.123.xls,Study 3:A9,95,72,0,62,0
jeffrey_a_shankman_000_1_2.pst.12.xls,APIS:C320,95,52,0,1,0
john_griffith_000_1_1.pst.196.xls,New Index Sale:N9,734,2888,33,2888,35
daren_farmer_000_1_1.pst.1427.xls,Jan 01 trial:AB14,156,0,0,0,0
louise_kitchen_000_1_1_1_1.pst.245.xls,Cost Cancel Details:D140,252,461,6,461,6
barry_tycholiz_000_1_1.pst.77.xls,Sheet1:H19,610,19,1,16,1
paul_y'barbo_000_1_1.pst.61.xls,76%:D2,148,2017,13,2017,14
matthew_lenhart_001_1_1.pst.147.xls,OP.Power Desk Daily Price:B7,96,61,1,61,1
stacey_white_000_1_1.pst.51.xls,NG Summary by Day:E307,131,7,0,7,0
chris_germany_000_1_2.pst.1047.xls,Sheet2:K401,462,63,1,32,1
errol_mclaughlin_jr_000_1_1.pst.134.xls,LVPP MTM:R18,78,25,0,25,0
benjamin_rogers_001_1_1.pst.246.xls,ENA Debt:B11,146,126,1,108,1
rick_buy_000_1_2_1.pst.28.xls,Replacement Costs:E66,147,116,1,116,1
vladi_pimenov_000_1_1.pst.2.xls,Raw Data:BL4,619,17832,247,17831,269
lynn_blair_000_1_1.pst.181.xls,Aug 13:E2,93,37,1,15,1
david_delainey_000_1_2.pst.135.xls,commercial income:K12,129,20,1,20,1
andy_zipper_000_1_1.pst.20.xls,Deal Detail:K727,84,3,0,1,0
tracy_geaccone_000_1_1.pst.262.xls,Trackers:D184,185,248,2,248,2
stacey_white_000_1_1.pst.287.xls,BRA Power:A6,1728,4385,81,4385,84
andy_zipper_000_1_1.pst.63.xls,DD-EGL:P29,72,3,0,3,0
matthew_lenhart_001_1_1.pst.152.xls,OP.Power Desk Daily Price:B7,97,61,0,61,0
benjamin_rogers_000_1_1.pst.204.xls,Wilton:X135,96,34,0,34,1
kevin_presto_000_1_1.pst.473.xls,Raw Data:I6702,336,3,0,1,0
benjamin_rogers_000_1_1.pst.140.xls,Curve Paste:BU217,945,0,0,0,0
stacey_white_000_1_1.pst.216.xls,BRA Power:A6,1662,4385,92,4385,95
andy_zipper_000_1_1.pst.166.xls,Deal Detail:K23,64,3,0,1,0
vkaminski_000_1_1_1.pst.216.xls,sp500:D8,146,871,10,871,11
chris_germany_000_1_2.pst.1075.xls,Sheet2:K99,478,127,2,126,2
chris_germany_000_1_2.pst.1032.xls,11-99:AI11,81,6,0,6,0
vkaminski_000_1_1_1.pst.24.xls,Analysis:L8,125,249,2,9,2
daren_farmer_000_1_1.pst.313.xls,thursday:N13,102,3,0,3,0
lindy_donoho_000_1_1_1.pst.10.xls,WOT by Month thru 2010:DU7,158,2,0,2,0
craig_dean_000_1_1.pst.28.xls,May3:C49,63,13,1,3,1
larry_may_000_1_1.pst.309.xls,DATA:B3,144,60,0,1,1
andy_zipper_000_1_1.pst.27.xls,Deal Detail:K375,104,3,0,1,0
vkaminski_002_1_1_1.pst.10.xls,5a. 7.1:D4,584,14018,141,14017,161
drew_fossum_000_1_1.pst.224.xls,Jul:A9,54,199,1,199,2
chris_germany_000_1_2.pst.162.xls,Special Pricing:A327,118,8,0,8,0
vkaminski_000_1_1_1.pst.171.xls,TIN:B3505,390,7,1,5,1
juan_hernandez_000_1_1.pst.165.xls,Sheet1:C38,114,37,1,21,1
andy_zipper_000_1_1.pst.138.xls,DD-EGL:P29,871,3,0,3,0
mike_grigsby_000_1_1_1.pst.250.xls,Months:F4,170,306,1,306,1
matthew_lenhart_000_1_1.pst.20.xls,Curves:A1,1253,899,32,899,33
errol_mclaughlin_jr_000_1_1.pst.23.xls,MAY-2001:J3,145,372,2,371,2
andy_zipper_000_1_1.pst.83.xls,DD-EGL:P29,479,3,1,3,1
tracy_geaccone_000_1_1.pst.428.xls,EREC-EREC4:E92,100,71,1,71,1
jay_reitmeyer_000_1_1.pst.197.xls,Sheet1:AJ62,133,1,0,1,0
benjamin_rogers_000_1_1.pst.104.xls,ZONE A OFFPEAK:C7,130,93,1,93,1
andy_zipper_000_1_1.pst.79.xls,DD-EGL:P29,65,3,0,3,0
don_baughman_000_1_1.pst.192.xls,Sheet1:C38,114,37,0,21,0
phillip_allen_000_1_1.pst.302.xls,Sheet2:G3,366,27,0,1,0
jane_tholt_000_1_1.pst.186.xls,July 17 Supply Price:A3,76,36,0,1,0
don_baughman_000_1_1.pst.145.xls,Sheet1:C38,117,37,0,21,0
don_baughman_000_1_1.pst.102.xls,Sheet1:C38,117,37,0,21,1
richard_ring_000_1_1.pst.143.xls,Hourly EESI Price Calcs:G21,188,2232,19,2232,21
daren_farmer_000_1_1.pst.384.xls,Jan 01 trial:AB14,293,0,0,0,0
don_baughman_000_1_1.pst.188.xls,Sheet1:C38,116,37,1,21,1
andrew_lewis_000_1_1.pst.12.xls,Swap:A7,63,900,7,900,8
paul_y'barbo_000_1_1.pst.26.xls,76%:D2,162,2016,12,2016,14
benjamin_rogers_000_1_1.pst.154.xls,Debt:B54,76,366,3,364,4
vkaminski_000_1_1_1.pst.289.xls,READDATA:AD6,107,0,0,0,0
keith_holst_000_1_1.pst.144.xls,FizIndexStart:C45,280,3,0,3,0
mary_fischer_000_1_1.pst.120.xls,SL1Trends:L32,132,20,0,20,1
louise_kitchen_001_1_1_1.pst.364.xls,Mkt Risk:J17,60,44,0,43,0
benjamin_rogers_001_1_1.pst.27.xls,Wilton:Y135,101,28,0,28,0
mark_haedicke_000_1_2.pst.31.xls,Off-Balance Sheet:S3,1791,16611,340,16610,351
john_griffith_000_1_1.pst.1000.xls,Spread Option:AO10,151,17,0,16,0
matthew_lenhart_000_1_1.pst.65.xls,DA-ties:J59,378,2,0,1,0
errol_mclaughlin_jr_000_1_1.pst.71.xls,CC 103816 - Detail Expenses:M48,120,7,0,7,0
kim_ward_000_1_2.pst.428.xls,July 17 Supply Price:A3,120,36,0,1,0
tracy_geaccone_000_1_1.pst.306.xls,Annual Fuel Calc Alt:L30,359,67,1,67,1
john_hodge_000_1_1.pst.198.xls,load Info:L910,313,8,1,4,1
chris_germany_000_1_1_1.pst.99.xls,Total Reqs:J11,115,251,3,251,3
vkaminski_001_1_2_1.pst.61.xls,3a. GBM :I7,626,4381,27,4381,30
tracy_geaccone_000_1_1.pst.197.xls,EREC-EREC4:E70,111,70,1,70,1
joe_parks_000_1_1.pst.315.xls,Monthly Value:D14,708,25,0,25,0
kevin_ruscitti_000_1_1.pst.155.xls,03_20_00AM:X531,229,1,0,1,0
don_baughman_000_1_1.pst.138.xls,Sheet1:C38,115,37,1,21,1
errol_mclaughlin_jr_000_1_1.pst.133.xls,Surety Bond Annuity:B11,1005,8649,102,8640,109
vladi_pimenov_000_1_1.pst.73.xls,Price Sheet:B3,97,69,0,16,0
andy_zipper_000_1_1.pst.62.xls,DD-EGL:P29,70,3,1,3,1
andy_zipper_000_1_1.pst.146.xls,DD-EGL:P29,867,3,0,3,0
benjamin_rogers_000_1_1.pst.169.xls,ENA_Debt:B54,594,366,3,364,3
matthew_lenhart_001_1_1.pst.103.xls,OP.Power Desk Daily Price:B7,104,61,1,61,1
david_delainey_000_1_2.pst.134.xls,balance sheet:I3,125,123,1,123,1
larry_may_000_1_1.pst.114.xls,curves:G2,136,53,1,1,1
vkaminski_000_1_1_1.pst.317.xls,volatility:H704,229,34,0,3,0
dutch_quigley_000_1_1.pst.210.xls,Opt:B10,92,294,2,1,2
don_baughman_000_1_1.pst.202.xls,8-1:C38,337,37,0,21,1
robin_rodrigue_000_1_1.pst.53.xls,PrudCalc:AD7,72,0,0,0,0
mary_fischer_000_1_1.pst.140.xls,Curtailment Periods - Hourly:I39,75,11,0,9,0
louise_kitchen_000_1_1_1_1.pst.246.xls,Cost Cancel Details:D108,248,461,4,461,5
louise_kitchen_000_1_1_1_1.pst.252.xls,Cost Cancel Details:D108,312,461,4,461,4
vkaminski_003_1_1_1.pst.73.xls,CurveCreator:A4,1344,157,2,1,2
joe_stepenovitch_000_1_1.pst.15.xls,DATA:S537,40,2,0,2,0
john_griffith_000_1_1.pst.146.xls,FGT Z2 Supply:B10,1497,8313,95,8303,102
vkaminski_000_1_1_1.pst.173.xls,LEAD:B3505,398,7,0,5,0
daren_farmer_000_1_1.pst.1131.xls,Oct :Q16,114,127,1,127,1
vkaminski_001_1_2_1.pst.100.xls,Forward Curves:F98,120,36,0,36,0
fletcher_sturm_000_1_1.pst.44.xls,Mar01:E2,281,30,0,1,0
vkaminski_001_1_2_1.pst.98.xls,Expiration Dates:D30,247,6,0,2,0
andy_zipper_000_1_1.pst.28.xls,DD-EGL:P29,953,3,1,3,1
chris_germany_000_1_2.pst.1046.xls,Sheet2:K55,451,63,1,32,1
don_baughman_000_1_1.pst.193.xls,Sheet1:C38,113,37,1,21,1
chris_germany_000_1_2.pst.163.xls,Special Pricing:A327,118,8,0,8,0
john_griffith_000_1_1.pst.147.xls,FGT Z2 Supply:B10,1498,8313,94,8303,102
louise_kitchen_000_1_1_1_1.pst.247.xls,Cost Cancel Details:D108,247,461,5,461,5
craig_dean_000_1_1.pst.35.xls,2CSC3ZONES 01SUM1 BASE CASE:H4780,372,2,0,1,0
chris_germany_000_1_1_1.pst.84.xls,Total Reqs:J11,113,251,3,251,3
darron_c_giron_000_1_1_1.pst.194.xls,PRD Location_Def:H3819,840,2,0,2,0
harry_arora_000_1_1.pst.12.xls,Gas Curves:BV2,377,0,0,0,0
john_arnold_000_1_2.pst.326.xls,model1:P19,288,815,6,815,7
harry_arora_000_1_1.pst.130.xls,WorkingData:Q5,2821,4610,1069,4610,1072
don_baughman_000_1_1.pst.150.xls,Sheet1:C38,115,37,1,21,1
matthew_lenhart_000_1_1.pst.1.xls,Power Curve:A1,666,824,7,824,7
matthew_lenhart_001_1_1.pst.145.xls,OP.Power Desk Daily Price:B7,96,61,0,61,0
kim_ward_000_1_2.pst.383.xls,July 17 Supply Price:A3,78,36,0,1,0
benjamin_rogers_000_1_1.pst.105.xls,STRIPS:C1,1794,31,1,1,1
lindy_donoho_000_1_1_1.pst.11.xls,WOT by Month thru 2010:DU7,161,2,0,2,0
andy_zipper_000_1_1.pst.78.xls,DD-EGL:P29,65,3,0,3,0
andy_zipper_000_1_1.pst.167.xls,Deal Detail:K23,96,3,0,1,0
don_baughman_000_1_1.pst.144.xls,Sheet1:C38,116,37,0,21,0
don_baughman_000_1_1.pst.101.xls,Sheet1:C38,115,37,0,21,0
larry_campbell_000_1_1.pst.502.xls,Sheet1:C38,98,37,0,21,1
don_baughman_000_1_1.pst.187.xls,Sheet1:C38,116,37,1,21,1
vkaminski_001_1_2_1.pst.62.xls,5b. 7.3:D4,1690,29029,320,29029,349
andy_zipper_000_1_1.pst.84.xls,DD-EGL:P29,901,3,0,3,0
chris_germany_000_1_2.pst.208.xls,Jan 01 trial:AB14,511,0,0,0,0
paul_y'barbo_000_1_1.pst.127.xls,Duke 500621:H12,81,235,1,233,2
vkaminski_001_1_2_1.pst.159.xls,Escalation:L13,201,275,2,1,2
stacey_white_000_1_1.pst.279.xls,BRA Power:A6,1681,4385,77,4385,80
matthew_lenhart_001_1_1.pst.173.xls,OP.Power Desk Daily Price:B7,97,61,0,61,0
john_arnold_000_1_2.pst.354.xls,Position:M4,122,8,0,7,0
robin_rodrigue_000_1_1.pst.199.xls,Months:F4,163,124,1,124,1
vkaminski_000_1_1_1.pst.23.xls,Aux:H5,258,22,0,1,0
john_lavorato_001_1_1_1.pst.94.xls,CP Trade Data:F2,2750,20846,196,20844,213
darron_c_giron_002_1_1_1.pst.157.xls,30 Year:A4,81,1087,7,1085,8
thomas_martin_000_1_1_1.pst.194.xls,Physical Non EOL (2):B3,176,5,0,5,0
joe_parks_000_1_1.pst.296.xls,Data:J2,109,337,2,1,2
andy_zipper_000_1_1.pst.81.xls,DD-EGL:P29,63,3,0,3,0
tracy_geaccone_000_1_1.pst.198.xls,EREC-EREC4:E70,111,70,0,70,0
joe_parks_000_1_1.pst.121.xls,Permian Matrix:A113,204,178,2,45,2
john_griffith_000_1_1.pst.26.xls,Sheet1:E11,193,527,4,527,4
cooper_richey_000_1_1.pst.30.xls,DATA:F38,68,3,0,1,0
andy_zipper_000_1_1.pst.73.xls,DD-EGL:P29,70,3,0,3,0
jonathan_mckay_000_1_1.pst.113.xls,Normals:C3,384,201,0,1,0
mike_grigsby_000_1_1_1.pst.108.xls,Curves:A1,1366,899,29,899,29
benjamin_rogers_001_1_1.pst.34.xls,Wilton:Y135,98,28,0,28,0
larry_may_000_1_1.pst.311.xls,WEST GAMMA:B3,746,150,2,1,2
robin_rodrigue_000_1_1.pst.133.xls,Alberta Curve:D9,161,61,1,60,1
matthew_lenhart_001_1_1.pst.96.xls,OP.Power Desk Daily Price:B7,104,61,1,61,1
gerald_nemec_000_1_1.pst.11.xls,Cash Flows:B47,121,3561,34,3560,37
vkaminski_000_1_1_1.pst.281.xls,Expiration Dates:D30,247,6,0,2,0
vkaminski_000_1_1_1.pst.176.xls,ALUMINUM_S:B3505,394,7,0,5,0
jane_tholt_000_1_1.pst.18.xls,Assign To West Contracts:G47,88,116,1,111,1
don_baughman_000_1_1.pst.147.xls,Sheet1:C38,114,37,0,21,0
darron_c_giron_000_1_1_1.pst.165.xls,Run Query:D25,167,28,0,1,0
andy_zipper_000_1_1.pst.65.xls,DD-EGL:P10,134,4,0,4,0
benjamin_rogers_001_1_1.pst.50.xls,Debt:E160,105,1343,14,1322,15
stacey_white_000_1_1.pst.300.xls,BRA Power:A6,1680,4385,80,4385,83
lindy_donoho_000_1_1_1.pst.142.xls,WOT by Month thru 2010:DU7,160,2,0,2,0
darron_c_giron_002_1_1_1.pst.149.xls,Carley-Custodial:F6,218,870,9,869,9
benjamin_rogers_000_1_1.pst.57.xls,Gas Curves:BV2,454,0,0,0,0
andy_zipper_000_1_1.pst.88.xls,DD-EGL:P29,882,3,1,3,1
vkaminski_001_1_2_1.pst.36.xls,RMPM-Whole:I12,589,2711,30,2710,32
cooper_richey_000_1_1.pst.29.xls,Results:K40,103,3,0,1,0
don_baughman_000_1_1.pst.178.xls,Sheet1:C38,114,37,1,21,1
kevin_presto_000_1_1.pst.17.xls,CALC:S152,101,29,0,29,0
keith_holst_000_1_1.pst.68.xls,Data WEI:AB2706,930,3,0,2,0
tracy_geaccone_000_1_1.pst.151.xls,Trackers:D184,179,248,3,248,3
robin_rodrigue_000_1_1.pst.148.xls,Sheet12:Q355,640,3,1,2,1
harry_arora_000_1_1.pst.14.xls,Gas Curves:BV2,383,0,0,0,0
vkaminski_001_1_2_1.pst.130.xls,Expiration Dates:D30,249,6,0,2,0
don_baughman_000_1_1.pst.140.xls,Sheet1:C38,114,37,1,21,1
jonathan_mckay_000_1_1.pst.11.xls,TETCO_TRANSCO:L31,276,223,2,222,2
john_arnold_000_1_2.pst.327.xls,W Trades:D47,378,61,1,61,1
david_delainey_000_1_1_1.pst.3.xls,JrDebt:E12,162,412,4,411,4
bill_williams_iii_000_1_1.pst.68.xls,22:C7,509,73,0,73,0
benjamin_rogers_000_1_1.pst.25.xls,Kevin Forecast:AD3,169,168,1,1,1
joe_quenet_000_1_1.pst.17.xls,DATA:S537,39,2,0,2,0
mike_grigsby_000_1_1_1.pst.261.xls,Months:F4,168,306,1,306,1
chris_dorland_000_1_1_1.pst.47.xls,SWAP MODEL:A8,90,178,1,1,1
benjamin_rogers_000_1_1.pst.42.xls,Kevin Forecast:AD3,85,168,1,1,1
tracy_geaccone_000_1_1.pst.417.xls,Fuel Calc:H23,342,44,0,44,0
sally_beck_002_1_1_1.pst.5.xls,Monthly Headcount by Position:D43,1028,136,2,130,2
jonathan_mckay_000_1_1.pst.26.xls,TETCO_TRANSCO:F38,270,729,5,729,6
benjamin_rogers_001_1_1.pst.155.xls,ENA_Debt:B54,571,366,4,364,4
don_baughman_000_1_1.pst.186.xls,Sheet1:C38,114,37,1,21,1
tracy_geaccone_000_1_1.pst.264.xls,Trackers:D344,165,236,2,236,3
vkaminski_000_1_1_1.pst.26.xls,Analysis:C61,107,1418,14,1413,15
jeff_dasovich_000_1_1_1.pst.116.xls,Curves:B10,126,4343,43,4337,47
don_baughman_000_1_1.pst.100.xls,Sheet1:C38,112,37,1,21,1
don_baughman_000_1_1.pst.194.xls,Sheet1:C38,113,37,0,21,0
louise_kitchen_000_1_1_1_1.pst.254.xls,Cost Cancel Details:D108,245,461,5,461,5
chris_germany_000_1_2.pst.1111.xls,Chg vs FOM 03-24-00:X531,228,1,0,1,0
eric_saibi_000_1_1.pst.598.xls,ERCOT MCP BY INTERVAL:K7,227,14,1,5,1
don_baughman_000_1_1.pst.205.xls,Individual trades:C106,153,34,1,16,1
robin_rodrigue_000_1_1.pst.15.xls,Detail:E3372,164,1,0,1,0
daren_farmer_000_1_1.pst.284.xls,Jan 01 trial:AB14,255,0,0,0,0
vkaminski_000_1_1_1.pst.257.xls,T09252000.factors:I679,139,8,0,2,0
andy_zipper_000_1_1.pst.142.xls,DD-EGL:P29,954,3,0,3,0
mary_fischer_000_1_1.pst.114.xls,Feb 2002:C18,97,8,0,6,0
robin_rodrigue_000_1_1.pst.157.xls,Detail:E3372,168,1,0,1,0
don_baughman_000_1_1.pst.132.xls,Sheet1:C38,99,37,0,21,1
mike_swerzbin_000_1_1.pst.4.xls,GcDDisch_UsgsUsace1029_0901:A25335,293,366,2,1,2
dutch_quigley_000_1_1.pst.200.xls,A:DR249,350,493,4,492,5
robin_rodrigue_000_1_1.pst.270.xls,Sheet9:Q355,815,3,0,2,0
joe_stepenovitch_000_1_1.pst.25.xls,Results:K40,104,3,0,1,0
vkaminski_000_1_1_1.pst.2.xls,Curves:BH325,360,0,0,0,0
daren_farmer_000_1_1.pst.102.xls,Jan 01 trial:AB14,232,0,0,0,0
elizabeth_sager_000_1_1.pst.103.xls,Top Exposure (2):B651,639,5,0,3,0
vkaminski_001_1_2_1.pst.131.xls,Expiration Dates:D30,250,6,1,2,1
jane_tholt_000_1_1.pst.19.xls,Assign To West Contracts:G47,83,116,1,111,1
don_baughman_000_1_1.pst.180.xls,Sheet1:C38,114,37,1,21,1
chris_germany_000_1_2.pst.1062.xls,Sheet2:K99,474,127,2,126,2
benjamin_rogers_001_1_1.pst.109.xls,ENA Debt:B11,144,126,1,108,1
benjamin_rogers_000_1_1.pst.7.xls,ZONE J OFFPEAK:B4,88,61,1,59,1
andy_zipper_000_1_1.pst.64.xls,DD-EGL:P29,71,3,0,3,0
benjamin_rogers_001_1_1.pst.222.xls,Debt:E160,106,1344,13,1323,14
benjamin_rogers_000_1_1.pst.11.xls,STRIPS:C1,1897,31,1,1,1
jim_schwieger_000_1_1.pst.100.xls,NYMEX-PR:A1536,104,4909,1354,3231,1357
darron_c_giron_002_1_1_1.pst.143.xls,Darron:J4,207,2978,25,2978,27
matthew_lenhart_001_1_1.pst.158.xls,OP.Power Desk Daily Price:B7,119,61,0,61,0
joe_parks_000_1_1.pst.218.xls,Jan 01 trial:AB14,482,0,0,0,0
larry_may_000_1_1.pst.302.xls,WEST GAMMA:B3,692,150,2,1,2
vkaminski_000_1_1_1.pst.175.xls,NICKEL:B3505,400,7,0,5,0
mike_grigsby_000_1_1_1.pst.133.xls,Months:F4,165,306,1,306,1
andy_zipper_000_1_1.pst.111.xls,Deal Detail:K23,58,3,0,1,0
andy_zipper_000_1_1.pst.82.xls,Sheet1:B20,65,46,0,46,0
chris_germany_000_1_2.pst.1044.xls,Sheet2:K55,444,63,0,32,0
darrell_schoolcraft_000_1_1_1.pst.700.xls,Duke 500621:H12,82,235,2,233,2
joe_parks_000_1_1.pst.120.xls,Tx Gulf Matrix:AD61,127,2,1,2,1
john_arnold_000_1_2.pst.135.xls,Data-Apr-Sep:C6,68,3,0,3,0
benjamin_rogers_001_1_1.pst.115.xls,ENA Debt:B11,143,126,1,108,1
benjamin_rogers_000_1_1.pst.170.xls,Sky River:E92,232,448,4,447,5
vladi_pimenov_000_1_1.pst.60.xls,Raw Data:BL4,672,17832,189,17831,210
don_baughman_000_1_1.pst.195.xls,Sheet1:C38,112,37,1,21,1
mike_grigsby_000_1_1_1.pst.188.xls,Months:F4,255,306,1,306,1
chris_germany_000_1_2.pst.161.xls,Special Pricing:A327,135,8,0,8,0
jeff_dasovich_000_1_1_1.pst.115.xls,Curves:B10,121,4343,43,4337,47
matthew_lenhart_001_1_1.pst.164.xls,OP.Power Desk Daily Price:B7,119,61,0,61,0
tori_kuykendall_000_1_1_1.pst.122.xls,Price Sheet:B3,96,69,0,16,0
daren_farmer_000_1_1.pst.110.xls,Jan 01 trial:AB14,182,0,0,0,0
louise_kitchen_000_1_1_1_1.pst.1.xls,Cost Cancel Details:D108,254,461,5,461,6
andy_zipper_000_1_1.pst.58.xls,DD-EGL:P29,72,3,0,3,0
larry_campbell_000_1_1.pst.381.xls,Sheet1:E252,49,47,1,47,1
tracy_geaccone_000_1_1.pst.152.xls,Trackers:D344,166,236,3,236,3
don_baughman_000_1_1.pst.179.xls,Sheet1:C38,118,37,0,21,0
phillip_allen_000_1_1.pst.134.xls,Project Schedule:E1,86,96,0,2,0
chris_germany_000_1_2.pst.1059.xls,Sheet2:K401,455,63,1,32,1
vkaminski_000_1_1_1.pst.169.xls,MG Credit:C5,511,926,12,926,13
jonathan_mckay_000_1_1.pst.25.xls,TETCO_TRANSCO:F38,311,729,4,729,5
phillip_allen_000_1_1.pst.102.xls,Curves:A1,1210,899,31,899,32
richard_ring_000_1_1.pst.95.xls,Commercial Energy Services:K24,428,5,0,5,0
don_baughman_000_1_1.pst.185.xls,Sheet1:C38,115,37,0,21,0
louise_kitchen_000_1_1_1_1.pst.255.xls,Cost Cancel Details:D108,261,461,4,461,5
peter_keavey_000_1_1.pst.21.xls,Realized Vol:A1422,302,88,0,1,0
benjamin_rogers_000_1_1.pst.191.xls,CALC:FA17,654,0,0,0,0
errol_mclaughlin_jr_000_1_1.pst.136.xls,Gas Swap Model:B10,248,8313,110,8303,118
kam_keiser_000_1_1.pst.16.xls,LongTerm73:AH22,1367,22,0,20,0
kevin_ruscitti_000_1_1.pst.152.xls,03-15-00AM:X531,236,1,0,1,0
harry_arora_000_1_1.pst.121.xls,vol data:N470,97,46,1,46,1
chris_germany_000_1_2.pst.1112.xls,April EPA Vols:K45,242,11,0,11,0
mike_grigsby_000_1_1_1.pst.251.xls,Months:F4,166,306,1,306,1
tracy_geaccone_000_1_1.pst.239.xls,Trackers:D344,164,236,2,236,2
frank_ermis_000_1_1.pst.180.xls,Months:F4,264,306,1,306,1
chris_germany_000_1_2.pst.1172.xls,Choice Flow:Q4,87,66,1,63,1
gstorey_000_1_1.pst.111.xls,king 80-15-5:E2,127,4951,61,4951,66
tori_kuykendall_000_1_1_1.pst.12.xls,GDA:AG17,542,1,0,1,0
teb_lokey_000_1_1.pst.20.xls,YR_REV:G140,113,24,1,22,1
richard_ring_000_1_1.pst.176.xls,Commercial Energy Services:K24,420,5,0,5,0
daren_farmer_001_1_1.pst.1195.xls,Mar:G4,159,69,1,69,1
andy_zipper_000_1_1.pst.97.xls,DD-EGL:P29,875,3,0,3,0
jim_schwieger_000_1_1.pst.110.xls,Sheet2:J5,295,4212,59,4212,64
robin_rodrigue_001_1_1.pst.3.xls,Sheet12:Q355,656,3,0,2,0
don_baughman_000_1_1.pst.131.xls,Sheet1:C38,97,37,0,21,0
dutch_quigley_000_1_1.pst.201.xls,A:DR249,412,493,3,492,4
jane_tholt_000_1_1.pst.191.xls,Study 4a:A9,75,82,0,76,0
john_griffith_000_1_1.pst.187.xls,Drawdown:X17,1033,124,1,124,1
vkaminski_003_1_1_1.pst.21.xls,VAR:A42,86,2802,37,2794,40
daren_farmer_000_1_1.pst.103.xls,Jan 01 trial:AB14,245,0,0,0,0
stacey_white_000_1_1.pst.249.xls,OP.Power Desk Daily Price:B7,95,61,0,61,0
larry_may_000_1_1.pst.312.xls,DATA:B3,144,60,1,1,1
vkaminski_000_1_1_1.pst.258.xls,R11_logs:BM388,477,0,0,0,0
louise_kitchen_000_1_1_1_1.pst.238.xls,Cost Cancel Details:D188,267,461,5,461,6
vkaminski_002_1_1_1.pst.275.xls,Gas Curves:BV2,577,0,0,0,0
vkaminski_000_1_1_1.pst.212.xls,sp500:D8,148,871,10,871,11
vkaminski_000_1_1_1.pst.255.xls,factors2:G1897,449,8,0,1,0
benjamin_rogers_001_1_1.pst.134.xls,DPL Prices for Summer:C71,80,4,0,4,0
john_griffith_000_1_1.pst.516.xls,Sheet1:B2453,178,29,0,9,0
robin_rodrigue_000_1_1.pst.151.xls,Sheet14:Q355,531,3,0,2,0
holden_salisbury_000_1_1.pst.33.xls,UAMPS:K44,824,4,0,4,0
benjamin_rogers_000_1_1.pst.171.xls,Peak Revenue:A10,213,239,2,1,2
joe_parks_000_1_1.pst.227.xls,Jan 01 trial:AB14,535,0,0,0,0
don_baughman_000_1_1.pst.181.xls,Sheet1:C38,117,37,0,21,0
darron_c_giron_002_1_1_1.pst.167.xls,Cash Flow:M5,55,1136,10,1136,11
stacey_white_000_1_1.pst.139.xls,PJM Monthly Summary 2000 05 V.1:F39,83,7,0,6,0
jonathan_mckay_000_1_1.pst.13.xls,TETCO_TRANSCO:L31,273,223,1,222,2
john_griffith_000_1_1.pst.184.xls,Drawdown:X17,1048,124,1,124,1
scott_neal_000_1_1.pst.192.xls,Temps:B3746,281,129,1,1,1
don_baughman_000_1_1.pst.129.xls,Sheet1:C38,99,37,0,21,0
robin_rodrigue_000_1_1.pst.166.xls,Detail:E3372,166,1,0,1,0
don_baughman_000_1_1.pst.149.xls,Sheet1:C38,114,37,1,21,1
andy_zipper_000_1_1.pst.75.xls,DD-EGL:P29,69,3,0,3,0
vkaminski_000_1_1_1.pst.27.xls,Distributions:D5,292,4516,60,4513,65
andy_zipper_000_1_1.pst.59.xls,DD-EGL:P29,93,3,0,3,0
andy_zipper_000_1_1.pst.120.xls,DD-EGL:P29,928,3,0,3,0
benjamin_rogers_000_1_1.pst.139.xls,Debt:B40,83,539,5,537,6
don_baughman_000_1_1.pst.196.xls,8-1:C38,235,37,1,21,1
andy_zipper_000_1_1.pst.16.xls,DD-EGL:P29,930,3,0,3,0
michelle_lokay_000_1_2_1.pst.368.xls,PNM 500617:H12,53,238,1,234,2
vkaminski_000_1_1_1.pst.278.xls,READDATA:AD6,106,0,0,0,0
john_arnold_000_1_2.pst.108.xls,W Trades:D47,337,61,1,61,1
benjamin_rogers_000_1_1.pst.143.xls,Debt:B54,76,366,4,364,4
rick_buy_000_1_1_1_1.pst.186.xls,DefaultProbs:H142,963,7904,96,7904,101
daren_farmer_000_1_1.pst.387.xls,Jan 01 trial:AB14,291,0,0,0,0
mike_carson_000_1_1.pst.42.xls,Results:K40,107,3,0,1,0
jeff_dasovich_000_1_1_1.pst.44.xls,SUMMARY:D3,78,3,0,3,0
jane_tholt_000_1_1.pst.16.xls,Assign To West Contracts:G47,85,113,11,108,11
joe_quenet_000_1_1.pst.18.xls,Results:K40,110,3,0,1,0
chris_germany_000_1_2.pst.1063.xls,Sheet2:K99,489,127,2,126,2
vladi_pimenov_000_1_1.pst.61.xls,Raw Data:BL4,606,17832,244,17831,263
john_forney_000_1_1.pst.59.xls,ERCOT MCP BY INTERVAL:K7,227,14,0,5,0
vkaminski_001_1_2_1.pst.160.xls,Escalation:M12,205,276,1,1,1
paul_y'barbo_000_1_1.pst.64.xls,76%:D2,179,2018,10,2018,12
stacey_white_000_1_1.pst.305.xls,BRA Power:A6,1674,4385,120,4385,123
don_baughman_000_1_1.pst.141.xls,Sheet1:C38,114,37,1,21,1
sally_beck_000_1_1_1_1.pst.577.xls,IM:E42,1185,44,1,41,1
john_griffith_000_1_1.pst.846.xls,Position:H44,430,117,1,9,1
john_lavorato_001_1_1_1.pst.82.xls,Cost Cancel Details:D92,247,461,5,461,5
vkaminski_000_1_1_1.pst.127.xls,NG:B7,285,22,0,21,0
mary_fischer_000_1_1.pst.116.xls,Feb 2002:C18,118,8,0,6,1
darron_c_giron_000_1_1_1.pst.276.xls,PRD Location_Def:H3819,914,2,0,2,0
andy_zipper_000_1_1.pst.87.xls,DD-EGL:P29,916,3,0,3,0
mike_grigsby_000_1_1_1.pst.146.xls,Months:F4,229,306,1,306,1
craig_dean_000_1_1.pst.124.xls,Interval Data:A8758,276,3,0,1,0
mary_hain_000_1_1.pst.160.xls,CALC:L31,140,159,2,159,2
don_baughman_000_1_1.pst.134.xls,Sheet1:C38,115,37,1,21,1
tracy_geaccone_000_1_1.pst.238.xls,BACKUP:C303,128,145,2,145,2
mike_grigsby_000_1_1_1.pst.189.xls,Months:F4,279,306,1,306,1
daren_farmer_000_1_1.pst.100.xls,Jan 01 trial:AB14,181,0,0,0,0
don_baughman_000_1_1.pst.177.xls,Sheet1:C38,115,37,0,21,0
joe_parks_000_1_1.pst.5.xls,X_H:A5,69,14,0,13,0
brad_mckay_000_1_1.pst.0.xls,ConEd Data:C17,242,197,1,197,1
vladi_pimenov_000_1_1.pst.6.xls,ANR:A411,89,415,2,1,2
stacey_white_000_1_1.pst.252.xls,BRA Power:A6,1733,4385,80,4385,83
chris_germany_000_1_2.pst.166.xls,Special Pricing:A327,120,8,0,8,0
lindy_donoho_000_1_1_1.pst.17.xls,WOT by Month thru 2010:DU7,214,2,0,2,0
jim_schwieger_000_1_1.pst.111.xls,Module2:DR1624,1106,3,1,3,1
andy_zipper_000_1_1.pst.23.xls,Deal Detail:K727,97,3,0,1,0
mark_taylor_001_1_1.pst.120.xls,NY:S375,116,269,2,269,2
jay_reitmeyer_000_1_1.pst.201.xls,Sheet1:AJ62,126,1,0,1,0
jonathan_mckay_000_1_1.pst.28.xls,TETCO_TRANSCO:F38,323,729,4,729,4
mary_fischer_000_1_1.pst.101.xls,Feb 2002:C18,97,8,0,6,0
andy_zipper_000_1_1.pst.66.xls,DD-EGL:P10,71,4,0,4,0
gstorey_000_1_1.pst.15.xls,ANR Willow:A138,42,30,0,1,0
louise_kitchen_000_1_1_1_1.pst.237.xls,Cost Cancel Details:D148,243,461,5,461,6
gstorey_000_1_1.pst.108.xls,Curves:AL12,252,7,0,6,0
chris_germany_000_1_1_1.pst.96.xls,Total Reqs:J11,115,251,3,251,3
tracy_geaccone_000_1_1.pst.266.xls,BACKUP:C303,152,145,2,145,2
andy_zipper_000_1_1.pst.72.xls,DD-EGL:P29,72,3,0,3,0
vkaminski_000_1_1_1.pst.182.xls,DATABASE:F4914,99,2,0,1,0
robin_rodrigue_000_1_1.pst.266.xls,Sheet8:Q355,423,3,0,2,0
robin_rodrigue_000_1_1.pst.13.xls,Detail:E3372,163,1,0,1,0
benjamin_rogers_001_1_1.pst.52.xls,Wilton:X135,97,34,0,34,0
errol_mclaughlin_jr_000_1_1.pst.137.xls,EO9904.1 floor:L10,1536,2887,30,2887,32
tori_kuykendall_000_1_1_1.pst.0.xls,Price Sheet:B3,95,69,0,16,0
phillip_allen_000_1_1.pst.253.xls,Curves:A1,1215,899,32,899,32
jonathan_mckay_000_1_1.pst.12.xls,TETCO_TRANSCO:L31,276,223,1,222,1
john_forney_000_1_1.pst.58.xls,ERCOT MCP BY INTERVAL:K7,260,14,0,5,0
lindy_donoho_000_1_1_1.pst.15.xls,WOT by Month thru 2010:DU7,156,2,0,2,0
john_griffith_000_1_1.pst.185.xls,MAIN:U18,949,16105,763,16105,779
louise_kitchen_000_1_1_1_1.pst.242.xls,Cost Cancel Details:D180,264,461,5,461,5
jeff_dasovich_000_1_1_1.pst.138.xls,PG&E Assessment:C40,155,3422,35,3412,38
tori_kuykendall_000_1_1_1.pst.15.xls,Price Sheet:B3,96,69,1,16,1
andy_zipper_000_1_1.pst.74.xls,DD-EGL:P29,70,3,0,3,0
vkaminski_000_1_1_1.pst.256.xls,factors_mod:G489,203,8,0,2,0
kevin_ruscitti_000_1_1.pst.49.xls,Swap:A8,66,1159,10,1159,11
louise_kitchen_001_1_1_1.pst.374.xls,HR:J19,77,40,0,39,0
phillip_m_love_001_1_1.pst.209.xls,LongTerm3:AH22,163,22,0,20,0
mike_grigsby_000_1_1_1.pst.247.xls,Months:F4,165,306,1,306,1
phillip_allen_000_1_1.pst.132.xls,Project Schedule:E1,85,96,1,2,1
john_griffith_000_1_1.pst.322.xls,Gas Swap Model:A3,244,61,1,49,1
daren_farmer_000_1_1.pst.388.xls,Jan 01 trial:AB14,395,0,0,0,0
tori_kuykendall_000_1_1_1.pst.106.xls,Price Sheet:B3,92,69,1,16,1
don_baughman_000_1_1.pst.182.xls,Sheet1:C38,114,37,0,21,0
richard_shapiro_000_1_1.pst.140.xls,Gas Swap Model:B10,252,8313,110,8303,118
david_delainey_000_1_1_1.pst.4.xls,JrDebt:E12,162,412,4,411,4
lisa_gang_000_1_1.pst.136.xls,December Hydro:M15,76,41,1,11,1
don_baughman_000_1_1.pst.148.xls,Sheet1:C38,140,37,0,21,0
joe_parks_000_1_1.pst.119.xls,E TX Matrix:A126,268,202,2,64,2
sally_beck_002_1_1_1.pst.3.xls,Monthly Headcount by Position:D70,1073,146,2,146,2
bill_williams_iii_000_1_1.pst.56.xls,Sheet1:C49,122,37,0,21,0
vladi_pimenov_000_1_1.pst.57.xls,Raw Data:BL4,622,17832,197,17831,221
andy_zipper_000_1_1.pst.80.xls,DD-EGL:P29,64,3,0,3,0
john_griffith_000_1_1.pst.200.xls,New Index Sale:N9,744,2888,33,2888,35
james_steffes_000_1_1.pst.221.xls,ANZA LOAD_LOSSES:C51,220,6,0,6,1
chris_dorland_000_1_1_1.pst.59.xls,Jan01:E2,261,30,1,1,1
monika_causholli_000_1_1.pst.60.xls,Sheet2:B4,119,3,0,3,0
andy_zipper_000_1_1.pst.18.xls,Deal Detail:K727,79,3,0,1,0
jeff_dasovich_000_1_1_1.pst.117.xls,PeakMonthlyAvg:B20,55,436,6,436,6
don_baughman_000_1_1.pst.133.xls,Sheet1:C38,101,37,0,21,0
vkaminski_001_1_2_1.pst.39.xls,DPR_detail:O235,50,10,0,9,0
mike_grigsby_000_1_1_1.pst.147.xls,Months:F4,165,306,1,306,2
joe_parks_000_1_1.pst.6.xls,X_H:A5,81,14,0,13,0
daren_farmer_000_1_1.pst.101.xls,Jan 01 trial:AB14,205,0,0,0,0
matthew_lenhart_000_1_1.pst.19.xls,Curves:A1,1215,899,32,899,32
don_baughman_000_1_1.pst.176.xls,Sheet1:C38,115,37,0,21,0
jim_schwieger_000_1_1.pst.71.xls,NYMEX-PR:A1536,104,4909,1668,3231,1672
vkaminski_000_1_1_1.pst.313.xls,READDATA:AD6,143,0,0,0,0
vkaminski_001_1_2_1.pst.161.xls,Escalation:K13,762,275,2,1,2
kevin_ruscitti_000_1_1.pst.100.xls,Mar Actuals:X531,231,1,0,1,0
phillip_m_love_000_1_1.pst.681.xls,Transport Pos:A3,595,53,0,1,0
benjamin_rogers_000_1_1.pst.18.xls,STRIPS:C1,1678,31,0,1,0
louise_kitchen_000_1_1_1_1.pst.257.xls,Cost Cancel Details:D108,247,461,5,461,5
mike_grigsby_000_1_1_1.pst.260.xls,Months:F4,164,306,1,306,1
jonathan_mckay_000_1_1.pst.27.xls,TETCO_TRANSCO:F38,343,729,8,729,8
jim_schwieger_000_1_1.pst.112.xls,Module2:DS2111,447,3,0,3,0
chris_germany_000_1_2.pst.1057.xls,Sheet2:K401,449,63,1,32,1
andy_zipper_000_1_1.pst.52.xls,DD-EPM:U324,71,4,0,2,0
rick_buy_000_1_1_1_1.pst.170.xls,Cost Cancel Details:D92,249,461,5,461,5
kevin_presto_000_1_1.pst.16.xls,MAIN:U18,981,16105,548,16105,565
vkaminski_000_1_1_1.pst.177.xls,ALUMINUM_H:B3505,403,7,0,5,0
tracy_geaccone_000_1_1.pst.237.xls,Trackers:D184,186,248,2,248,3
chris_germany_000_1_2.pst.1136.xls,03-31-00Apr:X531,464,1,1,1,1
jonathan_mckay_000_1_1.pst.122.xls,Rate 11 Balancing:B42,1744,23749,213,23749,236
darrell_schoolcraft_000_1_1_1.pst.428.xls,Duke 500621:H12,81,235,2,233,2
stacey_white_000_1_1.pst.296.xls,BRA Power:A6,1623,4385,92,4385,94
vkaminski_000_1_1_1.pst.307.xls,Expiration Dates:D30,256,6,0,2,0
stacey_white_000_1_1.pst.1.xls,BRA Power:A6,1516,4385,82,4385,86
jim_schwieger_000_1_1.pst.106.xls,NYMEX-PR:A1536,103,4909,1441,3231,1444
benjamin_rogers_000_1_1.pst.116.xls,ENA Debt:B11,137,86,1,86,1
don_baughman_000_1_1.pst.127.xls,Sheet1:C38,97,37,1,21,1
kevin_ruscitti_000_1_1.pst.4.xls,Swap:A8,67,1159,10,1159,11
jane_tholt_000_1_1.pst.198.xls,Study 4a:A9,77,82,0,76,0
andy_zipper_000_1_1.pst.67.xls,DD-EGL:P29,90,3,0,3,0
joe_parks_000_1_1.pst.211.xls,Jan 01 trial:AB14,460,0,0,0,0
