fileName,Max Dep Ref,GraphBuildTime,TACOLookupSize,TACOLookupTime,TACOPostProcessedLookupSize,TACOPostProcessedLookupTime
stacey_white_000_1_1.pst.254.xls,AlphaSort:F6836,1880,3,11,1,12
darron_c_giron_002_1_1_1.pst.177.xls,Darron:E5,847,205,7,205,7
stacey_white_000_1_1.pst.262.xls,BRA Power:A6,5084,28,1,27,1
mike_grigsby_000_1_1_1.pst.248.xls,Months:F4,137,4,0,4,0
kevin_ruscitti_000_1_1.pst.156.xls,03-21-00AM:BT499,4315,0,0,0,0
daren_farmer_001_1_1.pst.895.xls,Apr 99:M16,186,19,1,19,1
mike_grigsby_000_1_1_1.pst.256.xls,Months:F4,148,4,0,4,0
robin_rodrigue_000_1_1.pst.11.xls,Detail:J4400,181,1,0,1,0
david_delainey_000_1_2.pst.137.xls,ENA:U13,636,66,1,66,1
dutch_quigley_000_1_1.pst.211.xls,Swap:D11,447,50,0,47,0
benjamin_rogers_000_1_1.pst.45.xls,NYISO G:Q9,6689,14,0,12,0
vkaminski_000_1_1_1.pst.229.xls,SHIPS:B26,225,3,0,2,0
phillip_allen_000_1_1.pst.212.xls,NYMEX:A13,2051,1,0,1,0
vkaminski_000_1_1_1.pst.141.xls,053100:E10,992,36,0,35,0
don_baughman_000_1_1.pst.119.xls,Sheet1:C20,482,37,1,21,1
vkaminski_000_1_1_1.pst.172.xls,COPPER:B3288,409,7,0,5,0
gerald_nemec_000_1_1.pst.126.xls,Jul:A11,190,6,0,6,0
louise_kitchen_000_1_1_1_1.pst.258.xls,Cost Cancel Details:C18,3429,565,7,565,8
benjamin_rogers_001_1_1.pst.136.xls,Stratus Report:A15,802,129,1,129,1
kevin_ruscitti_000_1_1.pst.125.xls,Phys Test:D15,530,6479,53,6479,63
jonathan_mckay_000_1_1.pst.23.xls,TETCO_TRANSCO:F38,996,729,7,729,8
don_baughman_000_1_1.pst.135.xls,Sheet1:C20,534,37,0,21,0
harry_arora_000_1_1.pst.123.xls,vol data:N28,188,3,0,2,0
benjamin_rogers_000_1_1.pst.173.xls,BaseLoad:B1,1962,3,0,2,0
benjamin_rogers_000_1_1.pst.37.xls,Daily Curve:AH3,391,1,0,1,0
don_baughman_000_1_1.pst.167.xls,Sheet1:C20,478,37,0,21,0
don_baughman_000_1_1.pst.183.xls,Sheet1:C20,444,37,1,21,1
stacey_white_000_1_1.pst.269.xls,BRA Power:A6,2866,28,0,27,0
tracy_geaccone_000_1_1.pst.147.xls,Trackers:D45,895,745,10,735,11
kevin_ruscitti_000_1_1.pst.101.xls,Mar Actuals:BT499,4548,0,0,0,0
benjamin_rogers_001_1_1.pst.152.xls,Depreciation:Z46,464,345,5,345,6
kevin_presto_000_1_1.pst.261.xls,Results:K5551,150,2,0,1,0
kim_ward_000_1_2.pst.406.xls,Sales:C9,133,29,1,26,1
andy_zipper_000_1_1.pst.77.xls,DD-ENA:F500,154,4,0,4,0
jim_schwieger_000_1_1.pst.113.xls,Sheet1:BQ1974,6544,3,1,3,1
darron_c_giron_002_1_1_1.pst.154.xls,Darron:E4,300,11,0,11,0
vkaminski_000_1_1_1.pst.276.xls,payout model:AQ5,124,0,0,0,0
don_baughman_000_1_1.pst.151.xls,Sheet1:C20,483,37,0,21,0
john_lavorato_000_1_1_1.pst.57.xls,POS Lambie:BB2,4621,0,0,0,0
john_griffith_000_1_1.pst.197.xls,Pastoria:F3,930,45,0,44,0
don_baughman_000_1_1.pst.143.xls,Sheet1:C20,445,37,0,21,0
stacey_white_000_1_1.pst.382.xls,NP15:B4,429,58,0,54,0
andy_zipper_000_1_1.pst.106.xls,TRANSACTIONSUMMARYREPORT -1:N4780,947,4,0,4,0
joe_parks_000_1_1.pst.133.xls,Variable Rates - Sept:P5,5560,3535,59,3535,62
mark_taylor_001_1_1.pst.58.xls,Sheet1:M4,540,11,0,10,0
andy_zipper_000_1_1.pst.70.xls,DD-ENA:F500,126,4,0,4,0
tracy_geaccone_000_1_1.pst.268.xls,Trackers:D61,965,958,10,947,11
jonathan_mckay_000_1_1.pst.15.xls,TETCO_TRANSCO:Y86,916,270,2,270,2
don_baughman_000_1_1.pst.128.xls,Sheet1:C20,287,37,0,21,0
andy_zipper_000_1_1.pst.53.xls,DD-EPM:U429,105,4,0,2,0
andy_zipper_000_1_1.pst.68.xls,DD-ENA:F500,130,4,0,4,0
andy_zipper_000_1_1.pst.168.xls,Deal Detail:B9,139,1,0,1,0
don_baughman_000_1_1.pst.175.xls,Sheet1:C20,436,37,0,21,0
john_zufferli_000_1_1.pst.54.xls,DATA:F1556,92,2,0,1,0
chris_germany_000_1_2.pst.164.xls,gatherco:J3,261,104,0,104,0
andy_zipper_000_1_1.pst.85.xls,TRANSACTIONSUMMARYREPORT -1:N4780,1009,4,0,4,0
kevin_hyatt_000_1_1.pst.120.xls,PNM 500617:H12,130,36,0,33,0
jim_schwieger_000_1_1.pst.105.xls,Sheet1:BR179,575,119,1,104,2
vkaminski_002_1_1_1.pst.12.xls,5d. 7.6:D4,4606,54,1,53,1
darron_c_giron_000_1_1_1.pst.137.xls,PRD Location_Def:K3439,804,2,0,2,0
dutch_quigley_000_1_1.pst.212.xls,Swap:AG9,324,0,0,0,0
kevin_ruscitti_000_1_1.pst.157.xls,03-22-00AM:BT499,4212,0,0,0,0
andy_zipper_000_1_1.pst.144.xls,TRANSACTIONSUMMARYREPORT -1:N4780,959,4,0,4,0
robin_rodrigue_000_1_1.pst.12.xls,Detail:J4400,178,1,0,1,0
andy_zipper_000_1_1.pst.21.xls,TRANSACTIONSUMMARYREPORT -1:N4780,1009,4,0,4,0
lindy_donoho_000_1_1_1.pst.123.xls,SJ by Month:H28,296,108,1,108,1
tracy_geaccone_000_1_1.pst.146.xls,Trackers:D61,1155,958,10,947,11
don_baughman_000_1_1.pst.189.xls,Sheet1:C20,463,37,0,21,0
fletcher_sturm_000_1_1.pst.99.xls,Cash:D1,1030,171,4,171,4
don_baughman_000_1_1.pst.200.xls,8-1:C20,904,37,1,21,1
juan_hernandez_000_1_1.pst.10.xls,Sheet1:C20,489,37,0,21,0
robin_rodrigue_000_1_1.pst.159.xls,Detail:J4400,171,1,0,1,0
vkaminski_002_1_1_1.pst.276.xls,Gas Curves:BV2,456,0,0,0,0
daren_farmer_000_1_1.pst.104.xls,Jan 01 trial:AW14,1826,13,0,13,0
vkaminski_000_1_1_1.pst.310.xls,Sheet1:A64,956,105,1,59,2
dutch_quigley_000_1_1.pst.202.xls,Position:Z2,1212,49,0,26,0
vkaminski_000_1_1_1.pst.309.xls,Sheet1:A64,939,105,1,59,1
elizabeth_sager_000_1_1.pst.122.xls,Top Exposure (2):F500,1042,5,0,3,0
juan_hernandez_000_1_1.pst.169.xls,Regional_Spreads:B759,690,19,0,19,0
don_baughman_000_1_1.pst.190.xls,Sheet1:C20,405,37,0,21,1
jonathan_mckay_000_1_1.pst.14.xls,TETCO_TRANSCO:Y86,931,270,2,270,3
daren_farmer_000_1_1.pst.1499.xls,Jan 01 trial:AW14,1268,13,0,13,0
stacey_white_000_1_1.pst.230.xls,OP.Power Desk Daily Price:B7,272,3,0,3,0
vkaminski_001_1_2_1.pst.125.xls,Metro:G2,502,10,0,9,0
lindy_donoho_000_1_1_1.pst.13.xls,WOT by Month thru 2010:H32,354,225,2,216,2
michelle_lokay_000_1_2_1.pst.24.xls,PNM 500617:H12,151,33,0,30,0
tori_kuykendall_000_1_1_1.pst.48.xls,Sheet1:C1,165,19,1,19,1
dutch_quigley_000_1_1.pst.51.xls,Sheet1:A1536,105,5,0,5,0
don_baughman_000_1_1.pst.152.xls,Sheet1:C20,418,37,0,21,0
mike_grigsby_000_1_1_1.pst.255.xls,Months:F4,104,4,0,4,0
benjamin_rogers_001_1_1.pst.153.xls,Template:E445,3110,3324,39,3320,42
andy_zipper_000_1_1.pst.92.xls,TRANSACTIONSUMMARYREPORT -1:N4780,828,4,0,4,0
andy_zipper_000_1_1.pst.170.xls,Deal Detail:A9,142,1,0,1,0
jonathan_mckay_000_1_1.pst.24.xls,TETCO_TRANSCO:F38,895,729,4,729,4
louise_kitchen_000_1_1_1_1.pst.259.xls,Cost Cancel Details:C18,2889,565,8,565,8
jonathan_mckay_000_1_1.pst.30.xls,TETCO_TRANSCO:F38,939,729,6,729,6
benjamin_rogers_001_1_1.pst.2.xls,Wheatland:Z66,369,45,0,45,0
vkaminski_000_1_1_1.pst.304.xls,Expiration Dates:F9,250,5,0,3,0
chris_germany_000_1_1_1.pst.125.xls,Total Reqs:J65,1055,259,3,259,3
benjamin_rogers_000_1_1.pst.190.xls,CCFMODEL:H10,2539,2365,29,2362,31
tracy_geaccone_000_1_1.pst.308.xls,WESTCompare0201:AP7,2506,0,1,0,1
benjamin_rogers_000_1_1.pst.142.xls,Depreciation:Z46,460,345,4,345,4
don_baughman_000_1_1.pst.184.xls,Sheet1:C20,403,37,0,21,1
eric_saibi_000_1_1.pst.218.xls,Graph:D4,138,3,0,2,0
andy_zipper_000_1_1.pst.76.xls,DD-ENA:F500,176,4,0,4,0
phillip_m_love_000_1_1.pst.672.xls,m1:A5,1578,4,0,3,0
louise_kitchen_000_1_1_1_1.pst.0.xls,Cost Cancel Details:C58,3129,565,5,565,5
andy_zipper_000_1_1.pst.122.xls,TRANSACTIONSUMMARYREPORT -1:N4780,847,4,0,4,0
don_baughman_000_1_1.pst.142.xls,Sheet1:C20,422,37,0,21,0
darrell_schoolcraft_000_1_1_1.pst.219.xls,USGT 500616:G12,192,41,1,41,1
jim_schwieger_000_1_1.pst.104.xls,Sheet1:AR17,1297,0,0,0,0
john_griffith_000_1_1.pst.546.xls,Power:AF154,243,2,0,1,0
benjamin_rogers_000_1_1.pst.157.xls,Depreciation:Z46,459,345,4,345,4
vkaminski_000_1_1_1.pst.286.xls,Expiration Dates:F9,249,5,0,3,0
robin_rodrigue_000_1_1.pst.137.xls,Sheet10:R936,785,3,0,2,0
chris_germany_000_1_1_1.pst.109.xls,Total Reqs:J69,1135,251,2,251,2
louise_kitchen_000_1_1_1_1.pst.249.xls,Cost Cancel Details:C58,3157,565,4,565,5
matthew_lenhart_001_1_1.pst.154.xls,OP.Power Desk Daily Price:B7,275,3,0,3,0
scott_neal_000_1_1.pst.533.xls,Sheet1:I1889,177,8,0,8,0
stacey_white_000_1_1.pst.3.xls,BRA Power:A6,2383,28,0,27,0
kevin_ruscitti_000_1_1.pst.103.xls,03-27-00AM:CN222,4076,1,0,1,0
andy_zipper_000_1_1.pst.69.xls,DD-ENA:F500,154,4,0,4,0
joe_parks_000_1_1.pst.213.xls,Jan 01 trial:AW14,3534,13,0,13,0
andy_zipper_000_1_1.pst.115.xls,TRANSACTIONSUMMARYREPORT -1:N4780,946,4,0,4,0
don_baughman_000_1_1.pst.174.xls,Sheet4:H2,2083,1,0,1,0
lynn_blair_000_1_1.pst.12.xls,USGT 500616:G12,194,41,0,41,0
phillip_m_love_000_1_1.pst.476.xls,LongTerm73:D22,4690,90,1,89,1
mike_grigsby_000_1_1_1.pst.106.xls,Power Curve:J5,1880,133,1,66,1
louise_kitchen_000_1_1_1_1.pst.244.xls,Cost Cancel Details:C58,3099,565,5,565,6
don_baughman_000_1_1.pst.191.xls,Sheet1:C20,392,37,1,21,1
juan_hernandez_000_1_1.pst.164.xls,Sheet1:C20,403,37,0,21,0
richard_shapiro_001_1_2.pst.124.xls,SUMMARY:D2,50,3,0,3,0
andy_zipper_000_1_1.pst.169.xls,Deal Detail:A9,113,1,0,1,0
darrell_schoolcraft_000_1_1_1.pst.364.xls,MissAla :J36,638,40,0,38,0
eric_saibi_000_1_1.pst.464.xls,ERCOT MCP BY INTERVAL:L14,186,14,0,7,0
errol_mclaughlin_jr_000_1_1.pst.24.xls,MAY-2001:J3,399,6,0,5,0
andy_zipper_000_1_1.pst.71.xls,DD-ENA:F500,117,4,0,4,0
louise_kitchen_000_1_1_1_1.pst.212.xls,West Power Origination:M21,365,25,0,25,0
dan_hyvl_000_1_1.pst.112.xls,Seller's's PP Calc:A12,146,5,0,3,0
andy_zipper_000_1_1.pst.54.xls,DD-ENA:F500,115,4,0,4,0
jonathan_mckay_000_1_1.pst.29.xls,TETCO_TRANSCO:F38,820,729,4,729,4
bill_williams_iii_000_1_1.pst.81.xls,BES Interval Data:C2327,96,3,0,1,0
daren_farmer_000_1_1.pst.1145.xls,Mar:I16,285,18,0,14,0
benjamin_rogers_000_1_1.pst.12.xls,Raw Data:A27129,242,3,0,1,0
matthew_lenhart_000_1_1.pst.23.xls,Power Curve:J5,2166,139,1,66,1
phillip_m_love_000_1_1.pst.677.xls,Curves:D15,1261,55,0,55,0
vkaminski_000_1_1_1.pst.174.xls,ZINC:B3288,325,7,0,5,0
john_lavorato_001_1_1_1.pst.86.xls,Months:F4,127,4,0,4,0
tracy_geaccone_000_1_1.pst.307.xls,WESTCompare0201:AP7,2307,0,0,0,0
jeff_dasovich_000_1_1_1.pst.91.xls,Sept 22:K80,153,9,0,8,0
benjamin_rogers_001_1_1.pst.5.xls,Wheatland:Z66,367,45,1,45,1
gstorey_000_1_1.pst.116.xls,Empress vs Chippewa:H3,4230,20,0,18,0
scott_neal_000_1_1.pst.156.xls,LongTerm1:D20,458,91,1,90,1
don_baughman_000_1_1.pst.137.xls,Sheet1:C20,400,37,1,21,1
stacey_white_000_1_1.pst.228.xls,ARG FIRM Port Calc Extract:N47,554,10,0,10,0
tracy_geaccone_000_1_1.pst.269.xls,Trackers:D45,791,745,6,735,7
jane_tholt_000_1_1.pst.123.xls,Summary:B185,312,89,0,89,0
jeffrey_a_shankman_000_1_2.pst.12.xls,APIS:C1263,102,1,0,1,0
john_griffith_000_1_1.pst.196.xls,NP1265.2:F3,1240,45,0,44,0
daren_farmer_000_1_1.pst.1427.xls,Jan 01 trial:AW14,1082,13,0,13,0
louise_kitchen_000_1_1_1_1.pst.245.xls,Cost Cancel Details:C58,3034,565,5,565,5
barry_tycholiz_000_1_1.pst.77.xls,Sheet1:E5,851,15,0,14,0
paul_y'barbo_000_1_1.pst.61.xls,76%:D2,376,1789,9,1789,10
matthew_lenhart_001_1_1.pst.147.xls,OP.Power Desk Daily Price:B7,270,3,0,3,0
chris_germany_000_1_2.pst.1047.xls,Sheet2:K602,4699,127,1,126,1
errol_mclaughlin_jr_000_1_1.pst.134.xls,LVPP MTM:B9,236,60,1,60,1
benjamin_rogers_001_1_1.pst.246.xls,Stratus Report:A15,687,129,1,129,1
rick_buy_000_1_2_1.pst.28.xls,Replacement Costs:D58,169,234,2,234,2
vladi_pimenov_000_1_1.pst.2.xls,Raw Data:CU4,1028,9,0,4,0
lynn_blair_000_1_1.pst.181.xls,Aug 13:E2,434,18,0,15,0
david_delainey_000_1_2.pst.135.xls,balance sheet:I4,257,42,0,41,0
andy_zipper_000_1_1.pst.20.xls,Deal Detail:A9,140,1,0,1,0
tracy_geaccone_000_1_1.pst.262.xls,Trackers:D61,914,958,8,947,8
stacey_white_000_1_1.pst.287.xls,BRA Power:A6,2263,28,0,27,0
andy_zipper_000_1_1.pst.63.xls,DD-ENA:F500,123,4,0,4,0
matthew_lenhart_001_1_1.pst.152.xls,OP.Power Desk Daily Price:B7,287,3,0,3,0
benjamin_rogers_000_1_1.pst.204.xls,Wheatland:Z66,375,45,0,45,0
kevin_presto_000_1_1.pst.473.xls,Q3 2001:C250,277,1,0,1,0
benjamin_rogers_000_1_1.pst.140.xls,Template:E445,3107,3324,38,3320,40
stacey_white_000_1_1.pst.216.xls,BRA Power:A6,2240,28,0,27,0
andy_zipper_000_1_1.pst.166.xls,Deal Detail:B9,110,1,0,1,0
vkaminski_000_1_1_1.pst.216.xls,w5000:B361,191,65,0,56,0
chris_germany_000_1_2.pst.1075.xls,Sheet2:K231,5061,127,1,126,1
chris_germany_000_1_2.pst.1032.xls,11-99:U11,152,2,0,2,0
vkaminski_000_1_1_1.pst.24.xls,Analysis:T5,505,6,0,5,0
daren_farmer_000_1_1.pst.313.xls,thursday:N556,422,3,0,3,0
lindy_donoho_000_1_1_1.pst.10.xls,WOT by Month thru 2010:H32,347,225,1,216,1
craig_dean_000_1_1.pst.28.xls,May3:C2,126,2,0,2,0
larry_may_000_1_1.pst.309.xls,DATA:B3,174,1,0,1,0
andy_zipper_000_1_1.pst.27.xls,Deal Detail:A9,269,1,0,1,0
vkaminski_002_1_1_1.pst.10.xls,5a. 7.1:D4,1126,45,1,44,1
drew_fossum_000_1_1.pst.224.xls,Jul:A9,167,6,0,6,0
chris_germany_000_1_2.pst.162.xls,gatherco:J3,213,104,0,104,0
vkaminski_000_1_1_1.pst.171.xls,TIN:B3288,328,7,0,5,0
juan_hernandez_000_1_1.pst.165.xls,Sheet1:C20,390,37,1,21,1
andy_zipper_000_1_1.pst.138.xls,TRANSACTIONSUMMARYREPORT -1:N4780,794,4,0,4,0
mike_grigsby_000_1_1_1.pst.250.xls,Months:F4,101,4,0,4,0
matthew_lenhart_000_1_1.pst.20.xls,Power Curve:J5,1846,126,0,58,1
errol_mclaughlin_jr_000_1_1.pst.23.xls,MAY-2001:J3,404,6,0,5,0
andy_zipper_000_1_1.pst.83.xls,TRANSACTIONSUMMARYREPORT -1:Q4713,907,4,0,4,0
tracy_geaccone_000_1_1.pst.428.xls,Americas-ESGVC4:E84,577,108,2,108,2
jay_reitmeyer_000_1_1.pst.197.xls,Sheet1:A25,235,88,0,1,0
benjamin_rogers_000_1_1.pst.104.xls,ZONE G OFFPEAK:C7,1322,17,0,16,0
andy_zipper_000_1_1.pst.79.xls,DD-ENA:F500,129,4,0,4,0
don_baughman_000_1_1.pst.192.xls,Sheet1:C20,405,37,0,21,0
phillip_allen_000_1_1.pst.302.xls,Raw Data:CB5,868,0,0,0,0
jane_tholt_000_1_1.pst.186.xls,Sales:C9,123,29,0,26,0
don_baughman_000_1_1.pst.145.xls,Sheet1:C20,417,37,0,21,0
don_baughman_000_1_1.pst.102.xls,Sheet1:C20,401,37,0,21,0
richard_ring_000_1_1.pst.143.xls,Hourly EESI Price Calcs:G21,216,6,0,6,0
daren_farmer_000_1_1.pst.384.xls,Jan 01 trial:AW14,1772,13,0,13,0
don_baughman_000_1_1.pst.188.xls,Sheet1:C20,407,37,0,21,0
andrew_lewis_000_1_1.pst.12.xls,Swap:Z3,119,9,0,8,0
paul_y'barbo_000_1_1.pst.26.xls,76%:D2,345,1812,8,1812,9
benjamin_rogers_000_1_1.pst.154.xls,Depreciation:Z46,427,345,4,345,4
vkaminski_000_1_1_1.pst.289.xls,READDATA:AD6,120,0,0,0,0
keith_holst_000_1_1.pst.144.xls,FizIndexStart:S63,232,3,0,3,0
mary_fischer_000_1_1.pst.120.xls,SL1Trends:L32,245,17,0,17,1
louise_kitchen_001_1_1_1.pst.364.xls,West Power Origination:M21,270,25,1,25,1
benjamin_rogers_001_1_1.pst.27.xls,Wheatland:Z66,402,45,0,45,0
mark_haedicke_000_1_2.pst.31.xls,Off-Balance Sheet:S3,4894,1478,18,1476,19
john_griffith_000_1_1.pst.1000.xls,Spread Option:A11,295,55,0,52,0
matthew_lenhart_000_1_1.pst.65.xls,DA-ties:V84,310,2,0,2,0
errol_mclaughlin_jr_000_1_1.pst.71.xls,CC 103833 - Headcount:B31,442,26,0,26,0
kim_ward_000_1_2.pst.428.xls,Sales:C9,117,29,0,26,0
tracy_geaccone_000_1_1.pst.306.xls,WESTCompare0201:AP7,2265,0,0,0,1
john_hodge_000_1_1.pst.198.xls,load Info:L1070,422,8,1,4,1
chris_germany_000_1_1_1.pst.99.xls,Total Reqs:J69,1083,251,2,251,2
vkaminski_001_1_2_1.pst.61.xls,3a. GBM :H7,1299,3,0,3,0
tracy_geaccone_000_1_1.pst.197.xls,EREC-EREC4:E33,400,86,1,86,1
joe_parks_000_1_1.pst.315.xls,Leg2:F3,1240,14,1,12,1
kevin_ruscitti_000_1_1.pst.155.xls,03_20_00AM:BT499,3935,0,0,0,0
don_baughman_000_1_1.pst.138.xls,Sheet1:C20,393,37,0,21,0
errol_mclaughlin_jr_000_1_1.pst.133.xls,Surety Bond Annuity:B11,1577,73,0,72,0
vladi_pimenov_000_1_1.pst.73.xls,Sheet1:C1,143,19,0,19,0
andy_zipper_000_1_1.pst.62.xls,DD-ENA:F500,137,4,0,4,0
andy_zipper_000_1_1.pst.146.xls,TRANSACTIONSUMMARYREPORT -1:N4780,804,4,0,4,0
benjamin_rogers_000_1_1.pst.169.xls,Maine Thermal:D100,2426,469,4,469,4
matthew_lenhart_001_1_1.pst.103.xls,OP.Power Desk Daily Price:B7,269,3,0,3,0
david_delainey_000_1_2.pst.134.xls,balance sheet:I4,218,21,0,21,0
larry_may_000_1_1.pst.114.xls,SWAPS PAGE:P2,365,14,0,14,0
vkaminski_000_1_1_1.pst.317.xls,volatility:G595,329,5,0,3,0
dutch_quigley_000_1_1.pst.210.xls,Swap:D11,257,47,1,44,1
don_baughman_000_1_1.pst.202.xls,8-1:C20,1297,37,0,21,0
robin_rodrigue_000_1_1.pst.53.xls,PrudCalc:AD7,227,0,0,0,0
mary_fischer_000_1_1.pst.140.xls,Curtailment Periods - Hourly:Z24,201,121,1,120,1
louise_kitchen_000_1_1_1_1.pst.246.xls,Cost Cancel Details:C58,3038,565,4,565,4
louise_kitchen_000_1_1_1_1.pst.252.xls,Cost Cancel Details:C58,3044,565,5,565,6
vkaminski_003_1_1_1.pst.73.xls,SpotCurves:F4,1492,26,0,16,0
joe_stepenovitch_000_1_1.pst.15.xls,DATA:F1380,45,2,0,1,0
john_griffith_000_1_1.pst.146.xls,FGT Z2 Supply:B10,2434,69,0,69,0
vkaminski_000_1_1_1.pst.173.xls,LEAD:B3288,332,7,1,5,1
daren_farmer_000_1_1.pst.1131.xls,Mar:I16,287,18,0,14,0
vkaminski_001_1_2_1.pst.100.xls,Forward Curves:C8,215,34,1,34,1
fletcher_sturm_000_1_1.pst.44.xls,Mar01:C62,3021,80,0,78,1
vkaminski_001_1_2_1.pst.98.xls,Expiration Dates:F9,238,5,0,3,0
andy_zipper_000_1_1.pst.28.xls,TRANSACTIONSUMMARYREPORT -1:N4780,841,4,0,4,0
chris_germany_000_1_2.pst.1046.xls,Sheet2:K231,4670,127,1,126,1
don_baughman_000_1_1.pst.193.xls,Sheet1:C20,410,37,1,21,1
chris_germany_000_1_2.pst.163.xls,gatherco:J3,219,104,0,104,1
john_griffith_000_1_1.pst.147.xls,FGT Z2 Supply:B10,2404,69,1,69,1
louise_kitchen_000_1_1_1_1.pst.247.xls,Cost Cancel Details:C58,3027,565,5,565,5
craig_dean_000_1_1.pst.35.xls,SelfServeLoads:D24,391,3,0,3,1
chris_germany_000_1_1_1.pst.84.xls,Total Reqs:J65,955,251,1,251,1
darron_c_giron_000_1_1_1.pst.194.xls,PRD Location_Def:K3439,684,2,0,2,0
harry_arora_000_1_1.pst.12.xls,Gas Curves:BV2,534,0,0,0,0
john_arnold_000_1_2.pst.326.xls,model3:C20,624,46,1,46,1
harry_arora_000_1_1.pst.130.xls,WorkingData:E3,5377,5,0,4,0
don_baughman_000_1_1.pst.150.xls,Sheet1:C20,394,37,0,21,0
matthew_lenhart_000_1_1.pst.1.xls,Power Curve:J5,1024,71,0,31,0
matthew_lenhart_001_1_1.pst.145.xls,OP.Power Desk Daily Price:B7,259,3,0,3,0
kim_ward_000_1_2.pst.383.xls,Sales:C9,124,30,0,27,0
benjamin_rogers_000_1_1.pst.105.xls,STRIPS:W25,1909,85,0,85,0
lindy_donoho_000_1_1_1.pst.11.xls,WOT by Month thru 2010:H32,347,225,2,216,2
andy_zipper_000_1_1.pst.78.xls,DD-ENA:F500,117,4,0,4,0
andy_zipper_000_1_1.pst.167.xls,Deal Detail:B9,108,1,0,1,0
don_baughman_000_1_1.pst.144.xls,Sheet1:C20,400,37,0,21,0
don_baughman_000_1_1.pst.101.xls,Sheet1:C20,412,37,0,21,0
larry_campbell_000_1_1.pst.502.xls,Sheet1:C20,329,37,0,21,0
don_baughman_000_1_1.pst.187.xls,Sheet1:C20,398,37,0,21,0
vkaminski_001_1_2_1.pst.62.xls,5b. 7.3:D4,5778,1042,12,1042,12
andy_zipper_000_1_1.pst.84.xls,TRANSACTIONSUMMARYREPORT -1:N4780,799,4,0,4,0
chris_germany_000_1_2.pst.208.xls,Jan 01 trial:AW14,3500,13,0,13,0
paul_y'barbo_000_1_1.pst.127.xls,USGT 500616:G12,202,41,0,41,0
vkaminski_001_1_2_1.pst.159.xls,Escalation:A20,635,14,0,14,0
stacey_white_000_1_1.pst.279.xls,BRA Power:A6,2228,28,0,27,0
matthew_lenhart_001_1_1.pst.173.xls,OP.Power Desk Daily Price:B7,286,3,0,3,0
john_arnold_000_1_2.pst.354.xls,WinsTrades:E12,123,3,0,3,0
robin_rodrigue_000_1_1.pst.199.xls,Months:F4,111,4,0,4,0
vkaminski_000_1_1_1.pst.23.xls,CashFlow:B3,566,2,0,2,0
john_lavorato_001_1_1_1.pst.94.xls,CP Trade Data:F3,3229,14,0,10,0
darron_c_giron_002_1_1_1.pst.157.xls,30 Year:J3,109,8,0,5,0
thomas_martin_000_1_1_1.pst.194.xls,Physical Non EOL (2):C5,127,5,0,5,0
joe_parks_000_1_1.pst.296.xls,Data:J2,189,2,0,1,0
andy_zipper_000_1_1.pst.81.xls,DD-ENA:F500,122,4,0,4,0
tracy_geaccone_000_1_1.pst.198.xls,EREC-EREC4:E33,400,86,0,86,1
joe_parks_000_1_1.pst.121.xls,Permian Matrix:A186,343,178,1,177,1
john_griffith_000_1_1.pst.26.xls,Sheet1:E11,720,5,0,5,0
cooper_richey_000_1_1.pst.30.xls,DATA:F1556,80,2,0,1,0
andy_zipper_000_1_1.pst.73.xls,DD-ENA:F500,115,4,0,4,0
jonathan_mckay_000_1_1.pst.113.xls,Normals:C3,300,1,0,1,0
mike_grigsby_000_1_1_1.pst.108.xls,Power Curve:J5,2020,139,1,66,1
benjamin_rogers_001_1_1.pst.34.xls,Wheatland:Z66,385,45,0,45,0
larry_may_000_1_1.pst.311.xls,WEST GAMMA:CY2,1713,0,0,0,0
robin_rodrigue_000_1_1.pst.133.xls,swap_model:B9,320,21,0,13,0
matthew_lenhart_001_1_1.pst.96.xls,OP.Power Desk Daily Price:B7,264,3,0,3,0
gerald_nemec_000_1_1.pst.11.xls,Cash Flows:B12,566,3081,23,3081,24
vkaminski_000_1_1_1.pst.281.xls,Expiration Dates:F9,235,5,0,3,0
vkaminski_000_1_1_1.pst.176.xls,ALUMINUM_S:B3288,331,7,0,5,0
jane_tholt_000_1_1.pst.18.xls,Assign To West Contracts:CI10,377,84,1,77,1
don_baughman_000_1_1.pst.147.xls,Sheet1:C20,390,37,0,21,0
darron_c_giron_000_1_1_1.pst.165.xls,Run Query:D25,150,1,0,1,0
andy_zipper_000_1_1.pst.65.xls,DD-ENA:F500,169,4,0,4,0
benjamin_rogers_001_1_1.pst.50.xls,Debt:E160,516,1139,10,1118,11
stacey_white_000_1_1.pst.300.xls,BRA Power:A6,2175,28,0,27,0
lindy_donoho_000_1_1_1.pst.142.xls,WOT by Month thru 2010:H32,310,225,2,216,2
darron_c_giron_002_1_1_1.pst.149.xls,Christopher-Custodial:E6,515,79,1,78,1
benjamin_rogers_000_1_1.pst.57.xls,Gas Curves:BV2,773,0,0,0,0
andy_zipper_000_1_1.pst.88.xls,TRANSACTIONSUMMARYREPORT -1:N4780,883,4,0,4,0
vkaminski_001_1_2_1.pst.36.xls,RMPM-Whole:I12,1870,469,2,466,3
cooper_richey_000_1_1.pst.29.xls,Results:K5551,193,2,0,1,0
don_baughman_000_1_1.pst.178.xls,Sheet1:C20,427,37,0,21,0
kevin_presto_000_1_1.pst.17.xls,CALC:C104,148,1,0,1,0
keith_holst_000_1_1.pst.68.xls,Data WEI:B2,1155,2,0,2,0
tracy_geaccone_000_1_1.pst.151.xls,Trackers:D61,817,958,8,947,9
robin_rodrigue_000_1_1.pst.148.xls,Sheet12:R936,643,3,0,2,0
harry_arora_000_1_1.pst.14.xls,Gas Curves:BV2,553,0,0,0,0
vkaminski_001_1_2_1.pst.130.xls,Expiration Dates:F9,245,5,0,3,0
don_baughman_000_1_1.pst.140.xls,Sheet1:C20,417,37,0,21,0
jonathan_mckay_000_1_1.pst.11.xls,TETCO_TRANSCO:Y86,964,270,1,270,2
john_arnold_000_1_2.pst.327.xls,F Trades:I22,796,4,0,4,0
david_delainey_000_1_1_1.pst.3.xls,Income:E4,848,1128,8,1127,8
bill_williams_iii_000_1_1.pst.68.xls,22:H6,1314,38,0,37,0
benjamin_rogers_000_1_1.pst.25.xls,Kevin Forecast:E757,507,1,0,1,0
joe_quenet_000_1_1.pst.17.xls,DATA:F1380,50,2,0,1,0
mike_grigsby_000_1_1_1.pst.261.xls,Months:F4,123,4,0,4,0
chris_dorland_000_1_1_1.pst.47.xls,SWAP MODEL:I2,185,35,0,31,0
benjamin_rogers_000_1_1.pst.42.xls,Kevin Forecast:E757,458,1,0,1,0
tracy_geaccone_000_1_1.pst.417.xls,Detail:T1,886,258,3,233,3
sally_beck_002_1_1_1.pst.5.xls,Calculation:X20,1724,2,0,1,0
jonathan_mckay_000_1_1.pst.26.xls,TETCO_TRANSCO:F38,852,729,5,729,5
benjamin_rogers_001_1_1.pst.155.xls,Maine Thermal:D100,2461,469,4,469,5
don_baughman_000_1_1.pst.186.xls,Sheet1:C20,393,37,0,21,0
tracy_geaccone_000_1_1.pst.264.xls,Trackers:D45,735,745,7,735,7
vkaminski_000_1_1_1.pst.26.xls,Analysis:B4,206,23,0,16,0
jeff_dasovich_000_1_1_1.pst.116.xls,Curves:B10,185,43,0,41,0
don_baughman_000_1_1.pst.100.xls,Sheet1:C20,413,37,0,21,0
don_baughman_000_1_1.pst.194.xls,Sheet1:C20,402,37,0,21,0
louise_kitchen_000_1_1_1_1.pst.254.xls,Cost Cancel Details:C58,3046,565,5,565,5
chris_germany_000_1_2.pst.1111.xls,Chg vs FOM 03-24-00:BT499,3802,0,0,0,0
eric_saibi_000_1_1.pst.598.xls,ERCOT MCP BY INTERVAL:L14,202,14,1,7,1
don_baughman_000_1_1.pst.205.xls,Individual trades:C104,513,34,0,16,0
robin_rodrigue_000_1_1.pst.15.xls,Detail:J4400,169,1,0,1,0
daren_farmer_000_1_1.pst.284.xls,Jan 01 trial:AW14,1807,13,0,13,0
vkaminski_000_1_1_1.pst.257.xls,T09252000.factors:J880,135,8,0,2,0
andy_zipper_000_1_1.pst.142.xls,TRANSACTIONSUMMARYREPORT -1:N4780,882,4,0,4,0
mary_fischer_000_1_1.pst.114.xls,Feb 2002:A9,4921,44,0,36,0
robin_rodrigue_000_1_1.pst.157.xls,Detail:J4400,166,1,0,1,0
don_baughman_000_1_1.pst.132.xls,Sheet1:C20,336,37,0,21,0
mike_swerzbin_000_1_1.pst.4.xls,GcDDisch_UsgsUsace1029_0901:A25335,191,1,0,1,0
dutch_quigley_000_1_1.pst.200.xls,Position:Z2,865,49,0,26,0
robin_rodrigue_000_1_1.pst.270.xls,Sheet9:R936,706,3,0,2,0
joe_stepenovitch_000_1_1.pst.25.xls,Results:K5551,153,2,0,1,0
vkaminski_000_1_1_1.pst.2.xls,Curves:BR327,590,0,0,0,0
daren_farmer_000_1_1.pst.102.xls,Jan 01 trial:AW14,1666,13,0,13,0
elizabeth_sager_000_1_1.pst.103.xls,Top Exposure (2):F500,927,5,0,3,0
vkaminski_001_1_2_1.pst.131.xls,Expiration Dates:F9,257,5,0,3,0
jane_tholt_000_1_1.pst.19.xls,Assign To West Contracts:CI10,403,84,0,77,0
don_baughman_000_1_1.pst.180.xls,Sheet1:C20,424,37,1,21,1
chris_germany_000_1_2.pst.1062.xls,Sheet2:K231,5156,127,1,126,1
benjamin_rogers_001_1_1.pst.109.xls,Stratus Report:A15,665,129,0,129,0
benjamin_rogers_000_1_1.pst.7.xls,SPREADS:AC12,914,31,1,23,1
andy_zipper_000_1_1.pst.64.xls,DD-ENA:F500,131,4,0,4,0
benjamin_rogers_001_1_1.pst.222.xls,Debt:E160,532,1139,11,1118,11
benjamin_rogers_000_1_1.pst.11.xls,STRIPS:W25,1814,85,0,85,0
jim_schwieger_000_1_1.pst.100.xls,NYMEX-PR:A1536,73,5,0,5,0
darron_c_giron_002_1_1_1.pst.143.xls,Darron:E5,408,205,1,205,1
matthew_lenhart_001_1_1.pst.158.xls,OP.Power Desk Daily Price:B7,268,3,0,3,0
joe_parks_000_1_1.pst.218.xls,Jan 01 trial:AW14,3421,13,0,13,0
larry_may_000_1_1.pst.302.xls,WEST GAMMA:CY2,1893,0,0,0,0
vkaminski_000_1_1_1.pst.175.xls,NICKEL:B3288,346,7,0,5,0
mike_grigsby_000_1_1_1.pst.133.xls,Months:F4,135,4,0,4,0
andy_zipper_000_1_1.pst.111.xls,Deal Detail:B9,108,1,0,1,0
andy_zipper_000_1_1.pst.82.xls,Sheet1:C16,181,31,0,31,0
chris_germany_000_1_2.pst.1044.xls,Sheet2:K288,4736,127,1,126,1
darrell_schoolcraft_000_1_1_1.pst.700.xls,USGT 500616:G12,207,41,0,41,0
joe_parks_000_1_1.pst.120.xls,Tx Gulf Matrix:A181,230,176,1,88,1
john_arnold_000_1_2.pst.135.xls,Data-Apr-Sep:C6,68,3,0,3,0
benjamin_rogers_001_1_1.pst.115.xls,Stratus Report:A15,664,129,1,129,1
benjamin_rogers_000_1_1.pst.170.xls,Sky River:C60,1221,240,2,239,2
vladi_pimenov_000_1_1.pst.60.xls,Raw Data:CU4,1064,9,0,4,0
don_baughman_000_1_1.pst.195.xls,Sheet1:C20,396,37,0,21,0
mike_grigsby_000_1_1_1.pst.188.xls,Months:F4,238,4,0,4,0
chris_germany_000_1_2.pst.161.xls,gatherco:J3,237,104,1,104,1
jeff_dasovich_000_1_1_1.pst.115.xls,Curves:B10,170,43,0,42,0
matthew_lenhart_001_1_1.pst.164.xls,OP.Power Desk Daily Price:B7,285,3,0,3,0
tori_kuykendall_000_1_1_1.pst.122.xls,Sheet1:C1,220,19,0,19,0
daren_farmer_000_1_1.pst.110.xls,Jan 01 trial:AW14,1266,13,0,13,0
louise_kitchen_000_1_1_1_1.pst.1.xls,Cost Cancel Details:C58,2999,565,5,565,5
andy_zipper_000_1_1.pst.58.xls,DD-ENA:F500,126,4,0,4,0
larry_campbell_000_1_1.pst.381.xls,Sheet1:E671,121,3,0,3,0
tracy_geaccone_000_1_1.pst.152.xls,Trackers:D45,720,745,7,735,7
don_baughman_000_1_1.pst.179.xls,Sheet1:C20,384,37,0,21,0
phillip_allen_000_1_1.pst.134.xls,UCost Final:Q8,335,1670,16,1666,17
chris_germany_000_1_2.pst.1059.xls,Sheet2:K602,4567,127,1,126,1
vkaminski_000_1_1_1.pst.169.xls,MG Credit:H10,1145,19,0,2,0
jonathan_mckay_000_1_1.pst.25.xls,TETCO_TRANSCO:F38,826,729,4,729,4
phillip_allen_000_1_1.pst.102.xls,Power Curve:J5,1854,126,0,58,1
richard_ring_000_1_1.pst.95.xls,Commercial Energy Services:K49,523,5,0,5,0
don_baughman_000_1_1.pst.185.xls,Sheet1:C20,399,37,0,21,0
louise_kitchen_000_1_1_1_1.pst.255.xls,Cost Cancel Details:C58,3204,565,5,565,5
peter_keavey_000_1_1.pst.21.xls,Realized Vol:A1422,291,1,0,1,0
benjamin_rogers_000_1_1.pst.191.xls,CCFMODEL:H10,2468,2365,26,2362,27
errol_mclaughlin_jr_000_1_1.pst.136.xls,Gas Swap Model:B10,466,69,1,69,1
kam_keiser_000_1_1.pst.16.xls,LongTerm73:D22,4115,90,1,89,1
kevin_ruscitti_000_1_1.pst.152.xls,03-15-00AM:BT499,4430,0,0,0,0
harry_arora_000_1_1.pst.121.xls,vol data:N28,164,3,0,2,0
chris_germany_000_1_2.pst.1112.xls,April EPA Vols:K336,3841,16,1,16,1
mike_grigsby_000_1_1_1.pst.251.xls,Months:F4,101,4,0,4,0
tracy_geaccone_000_1_1.pst.239.xls,Trackers:D45,848,745,7,735,7
frank_ermis_000_1_1.pst.180.xls,Months:F4,241,4,0,4,0
chris_germany_000_1_2.pst.1172.xls,April  12:B2,604,159,1,158,1
gstorey_000_1_1.pst.111.xls,king 80-15-5:E2,197,236,1,236,1
tori_kuykendall_000_1_1_1.pst.12.xls,GDA:K23,2276,36,0,36,0
teb_lokey_000_1_1.pst.20.xls,YR_REV:D140,263,187,2,187,2
richard_ring_000_1_1.pst.176.xls,Commercial Energy Services:K49,558,5,0,5,0
daren_farmer_001_1_1.pst.1195.xls,Dec:B4,289,41,0,41,0
andy_zipper_000_1_1.pst.97.xls,TRANSACTIONSUMMARYREPORT -1:N4780,847,4,0,4,0
jim_schwieger_000_1_1.pst.110.xls,Sheet2:J5,2164,2436,31,2436,32
robin_rodrigue_001_1_1.pst.3.xls,Sheet12:R936,700,3,0,2,0
don_baughman_000_1_1.pst.131.xls,Sheet1:C20,350,37,0,21,0
dutch_quigley_000_1_1.pst.201.xls,Position:Z2,1024,49,0,26,0
jane_tholt_000_1_1.pst.191.xls,Summary:B185,221,57,0,57,0
john_griffith_000_1_1.pst.187.xls,Transco Z3:F3,1766,46,0,44,0
vkaminski_003_1_1_1.pst.21.xls,VAR:A4601,347,23,0,6,0
daren_farmer_000_1_1.pst.103.xls,Jan 01 trial:AW14,1627,13,0,13,0
stacey_white_000_1_1.pst.249.xls,OP.Power Desk Daily Price:B7,272,3,0,3,0
larry_may_000_1_1.pst.312.xls,DATA:B3,174,1,0,1,0
vkaminski_000_1_1_1.pst.258.xls,R11_logs:BM389,778,0,0,0,0
louise_kitchen_000_1_1_1_1.pst.238.xls,Cost Cancel Details:C58,3151,565,5,565,5
vkaminski_002_1_1_1.pst.275.xls,Calculations:AR2,1280,0,0,0,0
vkaminski_000_1_1_1.pst.212.xls,w5000:B361,177,65,0,56,0
vkaminski_000_1_1_1.pst.255.xls,factors2:I2545,418,8,0,1,0
benjamin_rogers_001_1_1.pst.134.xls,DPL Prices for Summer:U165,94,4,0,4,0
john_griffith_000_1_1.pst.516.xls,Sheet1:B2473,129,5,0,5,0
robin_rodrigue_000_1_1.pst.151.xls,Sheet14:R3752,496,3,0,2,0
holden_salisbury_000_1_1.pst.33.xls,UAMPS:M5741,1226,4,0,4,0
benjamin_rogers_000_1_1.pst.171.xls,BaseLoad:B1,1640,3,0,2,0
joe_parks_000_1_1.pst.227.xls,Jan 01 trial:AW14,4180,13,0,13,0
don_baughman_000_1_1.pst.181.xls,Sheet1:C20,430,37,0,21,0
darron_c_giron_002_1_1_1.pst.167.xls,Cash Flow:F5,126,725,4,725,4
stacey_white_000_1_1.pst.139.xls,Var. Rpt EPMI:H51,94,12,0,11,0
jonathan_mckay_000_1_1.pst.13.xls,TETCO_TRANSCO:Y86,936,270,1,270,1
john_griffith_000_1_1.pst.184.xls,Transco Z3:F3,1885,46,0,44,0
scott_neal_000_1_1.pst.192.xls,Weather:L12418,288,30,0,27,0
don_baughman_000_1_1.pst.129.xls,Sheet1:C20,401,37,0,21,0
robin_rodrigue_000_1_1.pst.166.xls,Detail:J4400,165,1,0,1,0
don_baughman_000_1_1.pst.149.xls,Sheet1:C20,397,37,0,21,0
andy_zipper_000_1_1.pst.75.xls,DD-ENA:F500,113,4,0,4,0
vkaminski_000_1_1_1.pst.27.xls,Distributions:D5,481,12,1,10,1
andy_zipper_000_1_1.pst.59.xls,DD-ENA:F500,132,4,0,4,0
andy_zipper_000_1_1.pst.120.xls,TRANSACTIONSUMMARYREPORT -1:N4780,864,4,1,4,1
benjamin_rogers_000_1_1.pst.139.xls,Debt:B58,472,636,7,633,7
don_baughman_000_1_1.pst.196.xls,8-1:C20,810,37,0,21,0
andy_zipper_000_1_1.pst.16.xls,TRANSACTIONSUMMARYREPORT -1:N4780,785,4,1,4,1
michelle_lokay_000_1_2_1.pst.368.xls,PNM 500617:H12,122,35,0,32,0
vkaminski_000_1_1_1.pst.278.xls,READDATA:AD6,127,0,0,0,0
john_arnold_000_1_2.pst.108.xls,F Trades:I22,829,4,0,4,0
benjamin_rogers_000_1_1.pst.143.xls,Depreciation:Z46,434,345,4,345,4
rick_buy_000_1_1_1_1.pst.186.xls,DefaultProbs:H96,1801,26,0,4,0
daren_farmer_000_1_1.pst.387.xls,Jan 01 trial:AW14,1989,13,0,13,0
mike_carson_000_1_1.pst.42.xls,Results:K5551,145,2,0,1,0
jeff_dasovich_000_1_1_1.pst.44.xls,SUMMARY:D2,68,3,0,3,0
jane_tholt_000_1_1.pst.16.xls,Assign To West Contracts:CI10,374,84,0,77,0
joe_quenet_000_1_1.pst.18.xls,Results:K5551,144,2,0,1,0
chris_germany_000_1_2.pst.1063.xls,Sheet2:K231,4993,127,1,126,1
vladi_pimenov_000_1_1.pst.61.xls,Raw Data:CU4,1155,9,0,4,0
john_forney_000_1_1.pst.59.xls,ERCOT MCP BY INTERVAL:L14,221,14,0,7,0
vkaminski_001_1_2_1.pst.160.xls,Escalation:A20,674,14,0,14,0
paul_y'barbo_000_1_1.pst.64.xls,76%:D2,372,1774,9,1774,10
stacey_white_000_1_1.pst.305.xls,BRA Power:A6,2247,28,0,27,0
don_baughman_000_1_1.pst.141.xls,Sheet1:C20,411,37,0,21,0
sally_beck_000_1_1_1_1.pst.577.xls,C4-SWAPS:C2679,1170,22,0,19,0
john_griffith_000_1_1.pst.846.xls,Swaps:C1086,1111,132,1,110,1
john_lavorato_001_1_1_1.pst.82.xls,Cost Cancel Details:C18,3028,565,5,565,5
vkaminski_000_1_1_1.pst.127.xls,NG:A255,452,16,0,14,0
mary_fischer_000_1_1.pst.116.xls,Feb 2002:A9,6131,44,1,36,1
darron_c_giron_000_1_1_1.pst.276.xls,PRD Location_Def:K3439,677,2,0,2,0
andy_zipper_000_1_1.pst.87.xls,TRANSACTIONSUMMARYREPORT -1:N4780,812,4,0,4,0
mike_grigsby_000_1_1_1.pst.146.xls,Months:F4,134,4,0,4,0
craig_dean_000_1_1.pst.124.xls,Interval Data:A9177,206,3,0,1,0
mary_hain_000_1_1.pst.160.xls,CALC:I17,234,22,0,21,0
don_baughman_000_1_1.pst.134.xls,Sheet1:C20,419,37,0,21,0
tracy_geaccone_000_1_1.pst.238.xls,CASHFLOW:D318,601,289,3,289,3
mike_grigsby_000_1_1_1.pst.189.xls,Months:F4,400,4,0,4,0
daren_farmer_000_1_1.pst.100.xls,Jan 01 trial:AW14,1332,13,0,13,0
don_baughman_000_1_1.pst.177.xls,Sheet1:C20,411,37,0,21,0
joe_parks_000_1_1.pst.5.xls,GasDaily:C34,164,78,0,72,0
brad_mckay_000_1_1.pst.0.xls,Weather:L12418,231,30,0,27,0
vladi_pimenov_000_1_1.pst.6.xls,ANRHistorical:A1,268,81,0,81,0
stacey_white_000_1_1.pst.252.xls,BRA Power:A6,2136,28,0,27,0
chris_germany_000_1_2.pst.166.xls,gatherco:J3,202,105,0,105,0
lindy_donoho_000_1_1_1.pst.17.xls,WOT by Month thru 2010:H32,310,225,1,216,2
jim_schwieger_000_1_1.pst.111.xls,Module2:BI1214,8792,3,0,3,0
andy_zipper_000_1_1.pst.23.xls,Deal Detail:A9,155,1,0,1,0
mark_taylor_001_1_1.pst.120.xls,NY:J88,316,179,1,178,1
jay_reitmeyer_000_1_1.pst.201.xls,Sheet1:A25,215,88,1,1,1
jonathan_mckay_000_1_1.pst.28.xls,TETCO_TRANSCO:F38,828,729,4,729,4
mary_fischer_000_1_1.pst.101.xls,Feb 2002:A9,4691,44,0,36,0
andy_zipper_000_1_1.pst.66.xls,DD-ENA:F500,114,4,0,4,0
gstorey_000_1_1.pst.15.xls,ANR Willow:A138,82,1,0,1,0
louise_kitchen_000_1_1_1_1.pst.237.xls,Cost Cancel Details:C58,2928,565,5,565,5
gstorey_000_1_1.pst.108.xls,Curves:X13,4746,49,1,46,1
chris_germany_000_1_1_1.pst.96.xls,Total Reqs:J69,954,251,2,251,3
tracy_geaccone_000_1_1.pst.266.xls,CASHFLOW:H315,560,289,3,289,3
andy_zipper_000_1_1.pst.72.xls,DD-ENA:F500,118,4,0,4,0
vkaminski_000_1_1_1.pst.182.xls,DATABASE:F5076,54,2,0,1,0
robin_rodrigue_000_1_1.pst.266.xls,Sheet8:S2791,432,3,0,2,0
robin_rodrigue_000_1_1.pst.13.xls,Detail:J4400,197,1,0,1,0
benjamin_rogers_001_1_1.pst.52.xls,Wheatland:Z66,420,45,1,45,1
errol_mclaughlin_jr_000_1_1.pst.137.xls,EO9904.1 floor:F3,2689,47,1,46,1
tori_kuykendall_000_1_1_1.pst.0.xls,Sheet1:C1,153,19,0,19,0
phillip_allen_000_1_1.pst.253.xls,Power Curve:J5,1950,126,1,58,1
jonathan_mckay_000_1_1.pst.12.xls,TETCO_TRANSCO:Y86,864,270,2,270,2
john_forney_000_1_1.pst.58.xls,ERCOT MCP BY INTERVAL:L14,228,14,0,7,0
lindy_donoho_000_1_1_1.pst.15.xls,WOT by Month thru 2010:H32,320,225,1,216,1
john_griffith_000_1_1.pst.185.xls,MAIN:S22,5826,441,8,441,8
louise_kitchen_000_1_1_1_1.pst.242.xls,Cost Cancel Details:C58,3722,565,6,565,6
jeff_dasovich_000_1_1_1.pst.138.xls,SCE Assessment:C44,688,2042,19,2030,20
tori_kuykendall_000_1_1_1.pst.15.xls,Sheet1:C1,174,19,0,19,0
andy_zipper_000_1_1.pst.74.xls,DD-ENA:F500,269,4,0,4,0
vkaminski_000_1_1_1.pst.256.xls,factors_mod:H1042,224,8,0,2,0
kevin_ruscitti_000_1_1.pst.49.xls,Swap:A8,151,29,0,29,0
louise_kitchen_001_1_1_1.pst.374.xls,West Power Origination:M21,391,25,0,25,0
phillip_m_love_001_1_1.pst.209.xls,LongTerm3:D22,524,89,1,88,1
mike_grigsby_000_1_1_1.pst.247.xls,Months:F4,322,4,0,4,0
phillip_allen_000_1_1.pst.132.xls,UCost Final:Q8,549,1670,18,1666,19
john_griffith_000_1_1.pst.322.xls,Gas Swap Model:F3,433,45,0,44,0
daren_farmer_000_1_1.pst.388.xls,Jan 01 trial:AW14,3044,13,0,13,0
tori_kuykendall_000_1_1_1.pst.106.xls,Sheet1:C1,164,19,0,19,0
don_baughman_000_1_1.pst.182.xls,Sheet1:C20,490,37,1,21,1
richard_shapiro_000_1_1.pst.140.xls,Gas Swap Model:B10,457,69,0,69,1
david_delainey_000_1_1_1.pst.4.xls,Income:E7,919,1128,9,1127,10
lisa_gang_000_1_1.pst.136.xls,Dec LOAD FORECAST:F500,145,137,2,120,2
don_baughman_000_1_1.pst.148.xls,Sheet1:C20,410,37,0,21,0
joe_parks_000_1_1.pst.119.xls,E TX Matrix:A182,423,178,1,89,1
sally_beck_002_1_1_1.pst.3.xls,Calculation:X20,1960,2,0,1,0
bill_williams_iii_000_1_1.pst.56.xls,Sheet1:C58,409,37,0,21,0
vladi_pimenov_000_1_1.pst.57.xls,Raw Data:CU4,1051,9,0,4,0
andy_zipper_000_1_1.pst.80.xls,DD-ENA:F500,133,4,0,4,0
john_griffith_000_1_1.pst.200.xls,NP1265.2:F3,1263,45,1,44,1
james_steffes_000_1_1.pst.221.xls,ANZA LOAD_LOSSES:E5685,661,6,1,6,1
chris_dorland_000_1_1_1.pst.59.xls,Jan01:C62,2439,80,1,78,1
monika_causholli_000_1_1.pst.60.xls,Sheet1:AD6,172,0,0,0,0
andy_zipper_000_1_1.pst.18.xls,Deal Detail:A9,130,1,0,1,0
jeff_dasovich_000_1_1_1.pst.117.xls,PeakMonthlyAvg:B14,124,60,0,60,0
don_baughman_000_1_1.pst.133.xls,Sheet1:C20,334,37,1,21,1
vkaminski_001_1_2_1.pst.39.xls,Equity:K12,200,22,0,22,0
mike_grigsby_000_1_1_1.pst.147.xls,Months:F4,103,4,0,4,0
joe_parks_000_1_1.pst.6.xls,GasDaily:C34,195,78,0,72,0
daren_farmer_000_1_1.pst.101.xls,Jan 01 trial:AW14,1735,13,1,13,1
matthew_lenhart_000_1_1.pst.19.xls,Power Curve:J5,1881,133,1,66,1
don_baughman_000_1_1.pst.176.xls,Sheet1:C20,413,37,0,21,0
jim_schwieger_000_1_1.pst.71.xls,NYMEX-PR:A1536,77,5,0,5,0
vkaminski_000_1_1_1.pst.313.xls,READDATA:AD6,163,0,0,0,0
vkaminski_001_1_2_1.pst.161.xls,Escalation:A20,1600,19,0,19,0
kevin_ruscitti_000_1_1.pst.100.xls,Mar Actuals:BT499,3867,0,0,0,0
phillip_m_love_000_1_1.pst.681.xls,m1:C12,1786,838,6,838,6
benjamin_rogers_000_1_1.pst.18.xls,STRIPS:W25,1779,85,0,85,0
louise_kitchen_000_1_1_1_1.pst.257.xls,Cost Cancel Details:C58,3063,565,5,565,5
mike_grigsby_000_1_1_1.pst.260.xls,Months:F4,129,4,0,4,0
jonathan_mckay_000_1_1.pst.27.xls,TETCO_TRANSCO:F38,857,729,5,729,5
jim_schwieger_000_1_1.pst.112.xls,Module2:BQ1974,7082,3,0,3,0
chris_germany_000_1_2.pst.1057.xls,Sheet2:K602,4723,127,1,126,1
andy_zipper_000_1_1.pst.52.xls,DD-EPM:U429,103,4,0,2,0
rick_buy_000_1_1_1_1.pst.170.xls,Cost Cancel Details:C18,2876,565,8,565,8
kevin_presto_000_1_1.pst.16.xls,MAIN:U19,3036,220,2,220,2
vkaminski_000_1_1_1.pst.177.xls,ALUMINUM_H:B3992,344,7,0,5,0
tracy_geaccone_000_1_1.pst.237.xls,Trackers:D61,843,958,9,947,9
chris_germany_000_1_2.pst.1136.xls,03-31-00Apr:BT499,8038,0,0,0,0
jonathan_mckay_000_1_1.pst.122.xls,Rate 11 Balancing:B42,2192,1248,8,1248,9
darrell_schoolcraft_000_1_1_1.pst.428.xls,USGT 500616:G12,193,41,0,41,0
stacey_white_000_1_1.pst.296.xls,BRA Power:A6,2231,28,0,27,0
vkaminski_000_1_1_1.pst.307.xls,Expiration Dates:F9,234,5,0,3,0
stacey_white_000_1_1.pst.1.xls,BRA Power:A6,2008,28,0,27,0
jim_schwieger_000_1_1.pst.106.xls,NYMEX-PR:A1536,75,5,0,5,0
benjamin_rogers_000_1_1.pst.116.xls,Stratus Report:A15,631,129,0,129,0
don_baughman_000_1_1.pst.127.xls,Sheet1:C47,337,37,0,21,0
kevin_ruscitti_000_1_1.pst.4.xls,Swap:A8,128,29,1,29,1
jane_tholt_000_1_1.pst.198.xls,Summary:B185,210,57,1,57,1
andy_zipper_000_1_1.pst.67.xls,DD-ENA:F500,120,4,0,4,0
joe_parks_000_1_1.pst.211.xls,Jan 01 trial:AW14,3152,13,1,13,1
