fileName,Longest Dep Ref,TACOLookupSize,TACOLookupTime,TACOPostProcessedLookupSize,TACOPostProcessedLookupTime
stacey_white_000_1_1.pst.254.xls,AlphaSort:F4400,3,9,1,9
darron_c_giron_002_1_1_1.pst.177.xls,Darron:J4,205,8,205,8
stacey_white_000_1_1.pst.262.xls,BRA Power:A6,28,1,27,1
mike_grigsby_000_1_1_1.pst.248.xls,Months:F4,4,0,4,0
kevin_ruscitti_000_1_1.pst.156.xls,03-21-00AM:X531,1,0,1,0
daren_farmer_001_1_1.pst.895.xls,Mar 99:N16,15,0,15,0
mike_grigsby_000_1_1_1.pst.256.xls,Months:F4,4,0,4,0
robin_rodrigue_000_1_1.pst.11.xls,Detail:E3372,1,0,1,0
david_delainey_000_1_2.pst.137.xls,IDC:H11,5,0,3,0
dutch_quigley_000_1_1.pst.211.xls,Opt:B10,1,0,1,0
benjamin_rogers_000_1_1.pst.45.xls,PJM:N12,15,0,13,0
vkaminski_000_1_1_1.pst.229.xls,SHIPS:B26,3,0,2,0
phillip_allen_000_1_1.pst.212.xls,NYMEX:A13,1,0,1,0
vkaminski_000_1_1_1.pst.141.xls,053100:C51,29,0,29,0
don_baughman_000_1_1.pst.119.xls,Sheet1:C38,37,0,21,0
vkaminski_000_1_1_1.pst.172.xls,COPPER:B3505,7,0,5,0
gerald_nemec_000_1_1.pst.126.xls,Jul:A11,6,1,6,1
louise_kitchen_000_1_1_1_1.pst.258.xls,Cost Cancel Details:D92,460,6,460,7
benjamin_rogers_001_1_1.pst.136.xls,ENA Debt:B11,126,1,108,1
kevin_ruscitti_000_1_1.pst.125.xls,Phys Test:E15,6479,46,6478,57
jonathan_mckay_000_1_1.pst.23.xls,TETCO_TRANSCO:F38,729,5,729,6
don_baughman_000_1_1.pst.135.xls,Sheet1:C38,37,0,21,0
harry_arora_000_1_1.pst.123.xls,vol data:N470,3,0,2,0
benjamin_rogers_000_1_1.pst.173.xls,Peak Revenue:A10,1,0,1,0
benjamin_rogers_000_1_1.pst.37.xls,Daily Curve:S3,2,0,1,0
don_baughman_000_1_1.pst.167.xls,Sheet1:C38,37,0,21,0
don_baughman_000_1_1.pst.183.xls,Sheet1:C38,37,1,21,1
stacey_white_000_1_1.pst.269.xls,BRA Power:A6,28,0,27,0
tracy_geaccone_000_1_1.pst.147.xls,Trackers:D344,209,2,209,3
kevin_ruscitti_000_1_1.pst.101.xls,Mar Actuals:X531,1,0,1,0
benjamin_rogers_001_1_1.pst.152.xls,Debt:B54,326,4,324,4
kevin_presto_000_1_1.pst.261.xls,Results:K40,2,0,1,0
kim_ward_000_1_2.pst.406.xls,July 17 Supply Price:A3,1,0,1,0
andy_zipper_000_1_1.pst.77.xls,DD-EGL:P29,3,0,3,0
jim_schwieger_000_1_1.pst.113.xls,Sheet1:DQ1659,3,0,3,0
darron_c_giron_002_1_1_1.pst.154.xls,Darron:E4,11,1,11,1
vkaminski_000_1_1_1.pst.276.xls,payout model:D74,9,0,4,0
don_baughman_000_1_1.pst.151.xls,Sheet1:C38,37,0,21,0
john_lavorato_000_1_1_1.pst.57.xls,POS Lambie:AX2,0,0,0,0
john_griffith_000_1_1.pst.197.xls,Curves:G78,17,0,17,0
don_baughman_000_1_1.pst.143.xls,Sheet1:C38,37,1,21,1
stacey_white_000_1_1.pst.382.xls,NONCEC:B4,31,0,28,0
andy_zipper_000_1_1.pst.106.xls,DD-EGL:P29,3,0,3,0
joe_parks_000_1_1.pst.133.xls,Variable Rates - Sept:B5,19,0,9,0
mark_taylor_001_1_1.pst.58.xls,Sheet1:C369,25,0,25,0
andy_zipper_000_1_1.pst.70.xls,DD-EGL:P29,3,0,3,0
tracy_geaccone_000_1_1.pst.268.xls,Trackers:D184,221,2,221,2
jonathan_mckay_000_1_1.pst.15.xls,TETCO_TRANSCO:L31,111,1,110,1
don_baughman_000_1_1.pst.128.xls,Sheet1:C38,37,0,21,0
andy_zipper_000_1_1.pst.53.xls,DD-EPM:U324,4,0,2,0
andy_zipper_000_1_1.pst.68.xls,DD-EGL:P29,3,0,3,0
andy_zipper_000_1_1.pst.168.xls,Deal Detail:K23,3,0,1,0
don_baughman_000_1_1.pst.175.xls,Sheet1:C38,37,0,21,1
john_zufferli_000_1_1.pst.54.xls,DATA:F38,2,0,1,0
chris_germany_000_1_2.pst.164.xls,Special Pricing:A327,7,0,6,0
andy_zipper_000_1_1.pst.85.xls,DD-EGL:P29,3,0,3,0
kevin_hyatt_000_1_1.pst.120.xls,Duke 500621:H12,32,0,30,0
jim_schwieger_000_1_1.pst.105.xls,Sheet1:B94,71,2,55,2
vkaminski_002_1_1_1.pst.12.xls,5e. 7.8:D4,45,1,44,1
darron_c_giron_000_1_1_1.pst.137.xls,PRD Location_Def:H3819,2,0,2,0
dutch_quigley_000_1_1.pst.212.xls,Opt:B10,1,0,1,0
kevin_ruscitti_000_1_1.pst.157.xls,03-22-00AM:X531,1,0,1,0
andy_zipper_000_1_1.pst.144.xls,DD-EGL:P29,3,0,3,0
robin_rodrigue_000_1_1.pst.12.xls,Detail:E3372,1,1,1,1
andy_zipper_000_1_1.pst.21.xls,DD-EGL:P29,3,0,3,0
lindy_donoho_000_1_1_1.pst.123.xls,IG-BL by Month:AG37,0,0,0,0
tracy_geaccone_000_1_1.pst.146.xls,Trackers:D184,221,2,221,2
don_baughman_000_1_1.pst.189.xls,Sheet1:C38,37,0,21,0
fletcher_sturm_000_1_1.pst.99.xls,Filter-new:B1,16,0,10,0
don_baughman_000_1_1.pst.200.xls,8-1:C38,37,1,21,1
juan_hernandez_000_1_1.pst.10.xls,Sheet1:C38,37,1,21,1
robin_rodrigue_000_1_1.pst.159.xls,Detail:E3372,1,0,1,0
vkaminski_002_1_1_1.pst.276.xls,Gas Curves:BV2,0,0,0,0
daren_farmer_000_1_1.pst.104.xls,Jan 01 trial:AB14,0,0,0,0
vkaminski_000_1_1_1.pst.310.xls,Sheet1:A64,105,1,59,1
dutch_quigley_000_1_1.pst.202.xls,A:DR249,33,1,32,1
vkaminski_000_1_1_1.pst.309.xls,Sheet1:A64,105,2,59,2
elizabeth_sager_000_1_1.pst.122.xls,Top Exposure (2):B651,5,0,3,0
juan_hernandez_000_1_1.pst.169.xls,Regional_Spreads:B306,18,0,18,0
don_baughman_000_1_1.pst.190.xls,Sheet1:C38,37,1,21,1
jonathan_mckay_000_1_1.pst.14.xls,TETCO_TRANSCO:L31,111,1,110,1
daren_farmer_000_1_1.pst.1499.xls,Jan 01 trial:AB14,0,0,0,0
stacey_white_000_1_1.pst.230.xls,OP.Power Desk Daily Price:B7,3,0,3,0
vkaminski_001_1_2_1.pst.125.xls,Metro:G2,9,0,9,0
lindy_donoho_000_1_1_1.pst.13.xls,WOT by Month thru 2010:DU7,2,0,2,0
michelle_lokay_000_1_2_1.pst.24.xls,Duke 500621:H12,32,0,30,0
tori_kuykendall_000_1_1_1.pst.48.xls,Price Sheet:B3,9,0,5,0
dutch_quigley_000_1_1.pst.51.xls,Sheet1:A1536,5,0,5,0
don_baughman_000_1_1.pst.152.xls,Sheet1:C38,37,1,21,1
mike_grigsby_000_1_1_1.pst.255.xls,Months:F4,4,0,4,0
benjamin_rogers_001_1_1.pst.153.xls,Curve Paste:BU217,0,0,0,0
andy_zipper_000_1_1.pst.92.xls,DD-EGL:P29,3,0,3,0
andy_zipper_000_1_1.pst.170.xls,Deal Detail:K727,3,0,1,0
jonathan_mckay_000_1_1.pst.24.xls,TETCO_TRANSCO:F38,729,5,729,5
louise_kitchen_000_1_1_1_1.pst.259.xls,Cost Cancel Details:D92,460,5,460,5
jonathan_mckay_000_1_1.pst.30.xls,TETCO_TRANSCO:F38,729,5,729,5
benjamin_rogers_001_1_1.pst.2.xls,Wilton:T114,35,0,35,0
vkaminski_000_1_1_1.pst.304.xls,Expiration Dates:D30,6,0,2,0
chris_germany_000_1_1_1.pst.125.xls,Total Reqs:J28,259,2,259,2
benjamin_rogers_000_1_1.pst.190.xls,CALC:FA17,0,0,0,0
tracy_geaccone_000_1_1.pst.308.xls,Annual Fuel Calc Alt:I30,64,0,64,0
benjamin_rogers_000_1_1.pst.142.xls,Debt:B54,326,4,324,4
don_baughman_000_1_1.pst.184.xls,Sheet1:C38,37,0,21,0
eric_saibi_000_1_1.pst.218.xls,Graph:D4,3,0,2,1
andy_zipper_000_1_1.pst.76.xls,DD-EGL:P29,3,0,3,0
phillip_m_love_000_1_1.pst.672.xls,m_chg:A7,6,0,1,0
louise_kitchen_000_1_1_1_1.pst.0.xls,Cost Cancel Details:D108,460,5,460,6
andy_zipper_000_1_1.pst.122.xls,DD-EGL:P29,3,1,3,1
don_baughman_000_1_1.pst.142.xls,Sheet1:C38,37,0,21,0
darrell_schoolcraft_000_1_1_1.pst.219.xls,Duke 500621:H12,32,1,30,1
jim_schwieger_000_1_1.pst.104.xls,Sheet1:AQ17,0,0,0,0
john_griffith_000_1_1.pst.546.xls,Power:V62,1,0,1,0
benjamin_rogers_000_1_1.pst.157.xls,Debt:B54,326,4,324,4
vkaminski_000_1_1_1.pst.286.xls,Expiration Dates:D30,6,1,2,1
robin_rodrigue_000_1_1.pst.137.xls,Sheet10:Q355,3,0,2,0
chris_germany_000_1_1_1.pst.109.xls,Total Reqs:J11,251,2,251,2
louise_kitchen_000_1_1_1_1.pst.249.xls,Cost Cancel Details:D108,460,5,460,5
matthew_lenhart_001_1_1.pst.154.xls,OP.Power Desk Daily Price:B7,3,0,3,0
scott_neal_000_1_1.pst.533.xls,Sheet1:I2376,4,0,4,0
stacey_white_000_1_1.pst.3.xls,BRA Power:A6,28,0,27,0
kevin_ruscitti_000_1_1.pst.103.xls,03-27-00AM:CQ24,1,0,1,0
andy_zipper_000_1_1.pst.69.xls,DD-EGL:P29,3,0,3,0
joe_parks_000_1_1.pst.213.xls,Jan 01 trial:AB14,0,0,0,0
andy_zipper_000_1_1.pst.115.xls,DD-EGL:P29,3,0,3,0
don_baughman_000_1_1.pst.174.xls,Sheet4:H2,1,0,1,0
lynn_blair_000_1_1.pst.12.xls,Duke 500621:H12,32,0,30,0
phillip_m_love_000_1_1.pst.476.xls,LongTerm73:AH22,22,0,20,0
mike_grigsby_000_1_1_1.pst.106.xls,Curves:A1,75,0,75,0
louise_kitchen_000_1_1_1_1.pst.244.xls,Cost Cancel Details:D140,460,5,460,5
don_baughman_000_1_1.pst.191.xls,Sheet1:C38,37,0,21,0
juan_hernandez_000_1_1.pst.164.xls,Sheet1:C38,37,0,21,0
richard_shapiro_001_1_2.pst.124.xls,SUMMARY:D3,3,0,3,0
andy_zipper_000_1_1.pst.169.xls,Deal Detail:K23,3,0,1,0
darrell_schoolcraft_000_1_1_1.pst.364.xls,MissAla :J36,40,0,38,0
eric_saibi_000_1_1.pst.464.xls,ERCOT MCP BY INTERVAL:K7,14,0,5,0
errol_mclaughlin_jr_000_1_1.pst.24.xls,MAY-2001:J3,6,0,5,0
andy_zipper_000_1_1.pst.71.xls,DD-EGL:P29,3,0,3,0
louise_kitchen_000_1_1_1_1.pst.212.xls,HR:H24,13,0,11,0
dan_hyvl_000_1_1.pst.112.xls,Purchasers:A119,27,0,27,0
andy_zipper_000_1_1.pst.54.xls,DD-EGL:P29,3,0,3,0
jonathan_mckay_000_1_1.pst.29.xls,TETCO_TRANSCO:F38,729,4,729,5
bill_williams_iii_000_1_1.pst.81.xls,BES Interval Data:F2288,1,0,1,0
daren_farmer_000_1_1.pst.1145.xls,Oct :Q16,11,0,11,0
benjamin_rogers_000_1_1.pst.12.xls,Peak:B57,2,0,1,0
matthew_lenhart_000_1_1.pst.23.xls,Curves:A1,75,1,75,1
phillip_m_love_000_1_1.pst.677.xls,Curves:D15,55,1,55,1
vkaminski_000_1_1_1.pst.174.xls,ZINC:B3505,7,0,5,0
john_lavorato_001_1_1_1.pst.86.xls,Months:F4,4,0,4,0
tracy_geaccone_000_1_1.pst.307.xls,Annual Fuel Calc Alt:I30,64,0,64,0
jeff_dasovich_000_1_1_1.pst.91.xls,Template:N9,6,1,5,1
benjamin_rogers_001_1_1.pst.5.xls,Wilton:T114,35,0,35,0
gstorey_000_1_1.pst.116.xls,InputOutputSheet:S14,2,0,2,0
scott_neal_000_1_1.pst.156.xls,Correlations:BC3,0,0,0,0
don_baughman_000_1_1.pst.137.xls,Sheet1:C38,37,0,21,0
stacey_white_000_1_1.pst.228.xls,ARG FIRM Port Calc Extract:M39,7,0,7,0
tracy_geaccone_000_1_1.pst.269.xls,Trackers:D344,209,2,209,2
jane_tholt_000_1_1.pst.123.xls,Study 3:A9,15,0,9,0
jeffrey_a_shankman_000_1_2.pst.12.xls,APIS:C320,1,0,1,0
john_griffith_000_1_1.pst.196.xls,New Index Sale:N9,16,0,16,0
daren_farmer_000_1_1.pst.1427.xls,Jan 01 trial:AB14,0,0,0,0
louise_kitchen_000_1_1_1_1.pst.245.xls,Cost Cancel Details:D140,460,5,460,6
barry_tycholiz_000_1_1.pst.77.xls,Sheet1:H19,19,0,16,0
paul_y'barbo_000_1_1.pst.61.xls,76%:D2,1789,10,1789,11
matthew_lenhart_001_1_1.pst.147.xls,OP.Power Desk Daily Price:B7,3,0,3,0
stacey_white_000_1_1.pst.51.xls,NG Summary by Day:E307,7,0,7,0
chris_germany_000_1_2.pst.1047.xls,Sheet2:K401,63,0,32,0
errol_mclaughlin_jr_000_1_1.pst.134.xls,LVPP MTM:R18,5,0,5,0
benjamin_rogers_001_1_1.pst.246.xls,ENA Debt:B11,126,1,108,1
rick_buy_000_1_2_1.pst.28.xls,Replacement Costs:E66,4,0,4,0
vladi_pimenov_000_1_1.pst.2.xls,Raw Data:BL4,8,0,4,0
lynn_blair_000_1_1.pst.181.xls,Aug 13:E2,18,0,15,0
david_delainey_000_1_2.pst.135.xls,commercial income:K12,20,0,20,0
andy_zipper_000_1_1.pst.20.xls,Deal Detail:K727,3,0,1,0
tracy_geaccone_000_1_1.pst.262.xls,Trackers:D184,221,2,221,2
stacey_white_000_1_1.pst.287.xls,BRA Power:A6,28,0,27,0
andy_zipper_000_1_1.pst.63.xls,DD-EGL:P29,3,0,3,0
matthew_lenhart_001_1_1.pst.152.xls,OP.Power Desk Daily Price:B7,3,0,3,0
benjamin_rogers_000_1_1.pst.204.xls,Wilton:X135,34,0,34,0
kevin_presto_000_1_1.pst.473.xls,Raw Data:I6702,3,0,1,0
benjamin_rogers_000_1_1.pst.140.xls,Curve Paste:BU217,0,0,0,0
stacey_white_000_1_1.pst.216.xls,BRA Power:A6,28,0,27,0
andy_zipper_000_1_1.pst.166.xls,Deal Detail:K23,3,0,1,0
vkaminski_000_1_1_1.pst.216.xls,sp500:D8,52,0,45,0
chris_germany_000_1_2.pst.1075.xls,Sheet2:K99,127,1,126,1
chris_germany_000_1_2.pst.1032.xls,11-99:AI11,6,0,6,0
vkaminski_000_1_1_1.pst.24.xls,Analysis:L8,5,0,4,0
daren_farmer_000_1_1.pst.313.xls,thursday:N13,3,0,3,0
lindy_donoho_000_1_1_1.pst.10.xls,WOT by Month thru 2010:DU7,2,0,2,0
craig_dean_000_1_1.pst.28.xls,May3:C49,13,1,3,1
larry_may_000_1_1.pst.309.xls,DATA:B3,1,0,1,0
andy_zipper_000_1_1.pst.27.xls,Deal Detail:K375,3,0,1,0
vkaminski_002_1_1_1.pst.10.xls,5a. 7.1:D4,45,0,44,0
drew_fossum_000_1_1.pst.224.xls,Jul:A9,6,0,6,0
chris_germany_000_1_2.pst.162.xls,Special Pricing:A327,7,0,6,0
vkaminski_000_1_1_1.pst.171.xls,TIN:B3505,7,0,5,0
juan_hernandez_000_1_1.pst.165.xls,Sheet1:C38,37,0,21,0
andy_zipper_000_1_1.pst.138.xls,DD-EGL:P29,3,0,3,0
mike_grigsby_000_1_1_1.pst.250.xls,Months:F4,4,0,4,0
matthew_lenhart_000_1_1.pst.20.xls,Curves:A1,75,0,75,0
errol_mclaughlin_jr_000_1_1.pst.23.xls,MAY-2001:J3,6,0,5,0
andy_zipper_000_1_1.pst.83.xls,DD-EGL:P29,3,0,3,0
tracy_geaccone_000_1_1.pst.428.xls,EREC-EREC4:E92,71,1,71,1
jay_reitmeyer_000_1_1.pst.197.xls,Sheet1:AJ62,1,1,1,1
benjamin_rogers_000_1_1.pst.104.xls,ZONE A OFFPEAK:C7,9,1,9,1
andy_zipper_000_1_1.pst.79.xls,DD-EGL:P29,3,0,3,0
don_baughman_000_1_1.pst.192.xls,Sheet1:C38,37,0,21,0
phillip_allen_000_1_1.pst.302.xls,Sheet2:G3,1,0,1,0
jane_tholt_000_1_1.pst.186.xls,July 17 Supply Price:A3,1,0,1,0
don_baughman_000_1_1.pst.145.xls,Sheet1:C38,37,0,21,0
don_baughman_000_1_1.pst.102.xls,Sheet1:C38,37,0,21,1
richard_ring_000_1_1.pst.143.xls,Hourly EESI Price Calcs:G21,6,0,6,0
daren_farmer_000_1_1.pst.384.xls,Jan 01 trial:AB14,0,0,0,0
don_baughman_000_1_1.pst.188.xls,Sheet1:C38,37,0,21,0
andrew_lewis_000_1_1.pst.12.xls,Swap:A7,16,0,16,0
paul_y'barbo_000_1_1.pst.26.xls,76%:D2,1812,10,1812,11
benjamin_rogers_000_1_1.pst.154.xls,Debt:B54,326,3,324,3
vkaminski_000_1_1_1.pst.289.xls,READDATA:AD6,0,0,0,0
keith_holst_000_1_1.pst.144.xls,FizIndexStart:C45,3,0,3,0
mary_fischer_000_1_1.pst.120.xls,SL1Trends:L32,17,0,17,0
louise_kitchen_001_1_1_1.pst.364.xls,Mkt Risk:J17,21,0,21,0
benjamin_rogers_001_1_1.pst.27.xls,Wilton:Y135,28,1,28,1
mark_haedicke_000_1_2.pst.31.xls,Off-Balance Sheet:S3,1478,26,1476,27
john_griffith_000_1_1.pst.1000.xls,Spread Option:AO10,17,0,16,0
matthew_lenhart_000_1_1.pst.65.xls,DA-ties:J59,2,0,1,0
errol_mclaughlin_jr_000_1_1.pst.71.xls,CC 103816 - Detail Expenses:M48,7,0,7,0
kim_ward_000_1_2.pst.428.xls,July 17 Supply Price:A3,1,0,1,0
tracy_geaccone_000_1_1.pst.306.xls,Annual Fuel Calc Alt:L30,62,0,62,0
john_hodge_000_1_1.pst.198.xls,load Info:L910,8,0,4,0
chris_germany_000_1_1_1.pst.99.xls,Total Reqs:J11,251,2,251,2
vkaminski_001_1_2_1.pst.61.xls,3a. GBM :I7,3,0,3,0
tracy_geaccone_000_1_1.pst.197.xls,EREC-EREC4:E70,70,0,70,0
joe_parks_000_1_1.pst.315.xls,Monthly Value:D14,10,0,10,0
kevin_ruscitti_000_1_1.pst.155.xls,03_20_00AM:X531,1,0,1,0
don_baughman_000_1_1.pst.138.xls,Sheet1:C38,37,0,21,1
errol_mclaughlin_jr_000_1_1.pst.133.xls,Surety Bond Annuity:B11,73,0,72,0
vladi_pimenov_000_1_1.pst.73.xls,Price Sheet:B3,9,0,5,0
andy_zipper_000_1_1.pst.62.xls,DD-EGL:P29,3,0,3,0
andy_zipper_000_1_1.pst.146.xls,DD-EGL:P29,3,0,3,0
benjamin_rogers_000_1_1.pst.169.xls,ENA_Debt:B54,326,2,324,2
matthew_lenhart_001_1_1.pst.103.xls,OP.Power Desk Daily Price:B7,3,0,3,0
david_delainey_000_1_2.pst.134.xls,balance sheet:I3,21,0,21,0
larry_may_000_1_1.pst.114.xls,curves:G2,1,0,1,0
vkaminski_000_1_1_1.pst.317.xls,volatility:H704,3,0,3,0
dutch_quigley_000_1_1.pst.210.xls,Opt:B10,1,0,1,0
don_baughman_000_1_1.pst.202.xls,8-1:C38,37,0,21,0
robin_rodrigue_000_1_1.pst.53.xls,PrudCalc:AD7,0,0,0,0
mary_fischer_000_1_1.pst.140.xls,Curtailment Periods - Hourly:I39,10,0,9,0
louise_kitchen_000_1_1_1_1.pst.246.xls,Cost Cancel Details:D108,460,4,460,5
louise_kitchen_000_1_1_1_1.pst.252.xls,Cost Cancel Details:D108,460,5,460,5
vkaminski_003_1_1_1.pst.73.xls,CurveCreator:A4,1,0,1,0
joe_stepenovitch_000_1_1.pst.15.xls,DATA:S537,2,0,2,0
john_griffith_000_1_1.pst.146.xls,FGT Z2 Supply:B10,69,0,69,1
vkaminski_000_1_1_1.pst.173.xls,LEAD:B3505,7,1,5,1
daren_farmer_000_1_1.pst.1131.xls,Oct :Q16,11,0,11,0
vkaminski_001_1_2_1.pst.100.xls,Forward Curves:F98,36,0,36,0
fletcher_sturm_000_1_1.pst.44.xls,Mar01:E2,1,0,1,0
vkaminski_001_1_2_1.pst.98.xls,Expiration Dates:D30,6,0,2,0
andy_zipper_000_1_1.pst.28.xls,DD-EGL:P29,3,0,3,0
chris_germany_000_1_2.pst.1046.xls,Sheet2:K55,63,0,32,0
don_baughman_000_1_1.pst.193.xls,Sheet1:C38,37,0,21,0
chris_germany_000_1_2.pst.163.xls,Special Pricing:A327,7,0,6,0
john_griffith_000_1_1.pst.147.xls,FGT Z2 Supply:B10,69,1,69,1
louise_kitchen_000_1_1_1_1.pst.247.xls,Cost Cancel Details:D108,460,5,460,5
craig_dean_000_1_1.pst.35.xls,2CSC3ZONES 01SUM1 BASE CASE:H4780,2,0,1,0
chris_germany_000_1_1_1.pst.84.xls,Total Reqs:J11,251,3,251,3
darron_c_giron_000_1_1_1.pst.194.xls,PRD Location_Def:H3819,2,0,2,0
harry_arora_000_1_1.pst.12.xls,Gas Curves:BV2,0,0,0,0
john_arnold_000_1_2.pst.326.xls,model1:P19,8,0,8,0
harry_arora_000_1_1.pst.130.xls,WorkingData:Q5,4,0,2,0
don_baughman_000_1_1.pst.150.xls,Sheet1:C38,37,1,21,1
matthew_lenhart_000_1_1.pst.1.xls,Power Curve:A1,5,0,5,0
matthew_lenhart_001_1_1.pst.145.xls,OP.Power Desk Daily Price:B7,3,0,3,0
kim_ward_000_1_2.pst.383.xls,July 17 Supply Price:A3,1,0,1,0
benjamin_rogers_000_1_1.pst.105.xls,STRIPS:C1,2,0,1,0
lindy_donoho_000_1_1_1.pst.11.xls,WOT by Month thru 2010:DU7,2,0,2,0
andy_zipper_000_1_1.pst.78.xls,DD-EGL:P29,3,0,3,0
andy_zipper_000_1_1.pst.167.xls,Deal Detail:K23,3,0,1,0
don_baughman_000_1_1.pst.144.xls,Sheet1:C38,37,0,21,0
don_baughman_000_1_1.pst.101.xls,Sheet1:C38,37,0,21,0
larry_campbell_000_1_1.pst.502.xls,Sheet1:C38,37,0,21,0
don_baughman_000_1_1.pst.187.xls,Sheet1:C38,37,0,21,0
vkaminski_001_1_2_1.pst.62.xls,5b. 7.3:D4,1042,13,1042,13
andy_zipper_000_1_1.pst.84.xls,DD-EGL:P29,3,0,3,0
chris_germany_000_1_2.pst.208.xls,Jan 01 trial:AB14,0,0,0,0
paul_y'barbo_000_1_1.pst.127.xls,Duke 500621:H12,32,0,30,0
vkaminski_001_1_2_1.pst.159.xls,Escalation:L13,1,0,1,0
stacey_white_000_1_1.pst.279.xls,BRA Power:A6,28,1,27,1
matthew_lenhart_001_1_1.pst.173.xls,OP.Power Desk Daily Price:B7,3,0,3,0
john_arnold_000_1_2.pst.354.xls,Position:M4,8,0,7,0
robin_rodrigue_000_1_1.pst.199.xls,Months:F4,4,0,4,0
vkaminski_000_1_1_1.pst.23.xls,Aux:H5,1,0,1,0
john_lavorato_001_1_1_1.pst.94.xls,CP Trade Data:F2,8,0,6,0
darron_c_giron_002_1_1_1.pst.157.xls,30 Year:A4,10,0,8,0
thomas_martin_000_1_1_1.pst.194.xls,Physical Non EOL (2):B3,5,0,5,0
joe_parks_000_1_1.pst.296.xls,Data:J2,2,0,1,0
andy_zipper_000_1_1.pst.81.xls,DD-EGL:P29,3,0,3,0
tracy_geaccone_000_1_1.pst.198.xls,EREC-EREC4:E70,70,1,70,1
joe_parks_000_1_1.pst.121.xls,Permian Matrix:A113,105,1,31,1
john_griffith_000_1_1.pst.26.xls,Sheet1:E11,5,0,5,0
cooper_richey_000_1_1.pst.30.xls,DATA:F38,2,0,1,0
andy_zipper_000_1_1.pst.73.xls,DD-EGL:P29,3,0,3,0
jonathan_mckay_000_1_1.pst.113.xls,Normals:C3,1,0,1,0
mike_grigsby_000_1_1_1.pst.108.xls,Curves:A1,75,1,75,1
benjamin_rogers_001_1_1.pst.34.xls,Wilton:Y135,28,0,28,0
larry_may_000_1_1.pst.311.xls,WEST GAMMA:B3,150,1,1,1
robin_rodrigue_000_1_1.pst.133.xls,Alberta Curve:D9,3,0,2,0
matthew_lenhart_001_1_1.pst.96.xls,OP.Power Desk Daily Price:B7,3,0,3,0
gerald_nemec_000_1_1.pst.11.xls,Cash Flows:B47,3010,38,3010,42
vkaminski_000_1_1_1.pst.281.xls,Expiration Dates:D30,6,0,2,0
vkaminski_000_1_1_1.pst.176.xls,ALUMINUM_S:B3505,7,0,5,0
jane_tholt_000_1_1.pst.18.xls,Assign To West Contracts:G47,101,1,98,1
don_baughman_000_1_1.pst.147.xls,Sheet1:C38,37,0,21,0
darron_c_giron_000_1_1_1.pst.165.xls,Run Query:D25,1,0,1,0
andy_zipper_000_1_1.pst.65.xls,DD-EGL:P10,4,1,4,1
benjamin_rogers_001_1_1.pst.50.xls,Debt:E160,1154,12,1133,12
stacey_white_000_1_1.pst.300.xls,BRA Power:A6,28,0,27,0
lindy_donoho_000_1_1_1.pst.142.xls,WOT by Month thru 2010:DU7,2,0,2,0
darron_c_giron_002_1_1_1.pst.149.xls,Carley-Custodial:F6,77,0,75,0
benjamin_rogers_000_1_1.pst.57.xls,Gas Curves:BV2,0,0,0,0
andy_zipper_000_1_1.pst.88.xls,DD-EGL:P29,3,0,3,0
vkaminski_001_1_2_1.pst.36.xls,RMPM-Whole:I12,469,3,466,3
cooper_richey_000_1_1.pst.29.xls,Results:K40,2,0,1,0
don_baughman_000_1_1.pst.178.xls,Sheet1:C38,37,1,21,1
kevin_presto_000_1_1.pst.17.xls,CALC:S152,29,0,29,0
keith_holst_000_1_1.pst.68.xls,Data WEI:AB2706,3,0,2,0
tracy_geaccone_000_1_1.pst.151.xls,Trackers:D184,221,1,221,1
robin_rodrigue_000_1_1.pst.148.xls,Sheet12:Q355,3,0,2,0
harry_arora_000_1_1.pst.14.xls,Gas Curves:BV2,0,1,0,1
vkaminski_001_1_2_1.pst.130.xls,Expiration Dates:D30,6,0,2,0
don_baughman_000_1_1.pst.140.xls,Sheet1:C38,37,0,21,0
jonathan_mckay_000_1_1.pst.11.xls,TETCO_TRANSCO:L31,111,0,110,1
john_arnold_000_1_2.pst.327.xls,W Trades:D47,61,0,61,0
david_delainey_000_1_1_1.pst.3.xls,JrDebt:E12,382,3,381,4
bill_williams_iii_000_1_1.pst.68.xls,22:C7,4,0,4,0
benjamin_rogers_000_1_1.pst.25.xls,Kevin Forecast:AD3,1,0,1,0
joe_quenet_000_1_1.pst.17.xls,DATA:S537,2,0,2,0
mike_grigsby_000_1_1_1.pst.261.xls,Months:F4,4,0,4,0
chris_dorland_000_1_1_1.pst.47.xls,SWAP MODEL:A8,1,0,1,0
benjamin_rogers_000_1_1.pst.42.xls,Kevin Forecast:AD3,1,0,1,0
tracy_geaccone_000_1_1.pst.417.xls,Fuel Calc:H23,40,0,40,0
sally_beck_002_1_1_1.pst.5.xls,Monthly Headcount by Position:D43,40,1,34,1
jonathan_mckay_000_1_1.pst.26.xls,TETCO_TRANSCO:F38,729,4,729,4
benjamin_rogers_001_1_1.pst.155.xls,ENA_Debt:B54,326,3,324,3
don_baughman_000_1_1.pst.186.xls,Sheet1:C38,37,0,21,0
tracy_geaccone_000_1_1.pst.264.xls,Trackers:D344,209,1,209,1
vkaminski_000_1_1_1.pst.26.xls,Analysis:C61,20,0,14,0
jeff_dasovich_000_1_1_1.pst.116.xls,Curves:B10,43,1,41,1
don_baughman_000_1_1.pst.100.xls,Sheet1:C38,37,0,21,0
don_baughman_000_1_1.pst.194.xls,Sheet1:C38,37,0,21,0
louise_kitchen_000_1_1_1_1.pst.254.xls,Cost Cancel Details:D108,460,4,460,4
chris_germany_000_1_2.pst.1111.xls,Chg vs FOM 03-24-00:X531,1,0,1,0
eric_saibi_000_1_1.pst.598.xls,ERCOT MCP BY INTERVAL:K7,14,0,5,0
don_baughman_000_1_1.pst.205.xls,Individual trades:C106,34,0,16,0
robin_rodrigue_000_1_1.pst.15.xls,Detail:E3372,1,0,1,0
daren_farmer_000_1_1.pst.284.xls,Jan 01 trial:AB14,0,0,0,0
vkaminski_000_1_1_1.pst.257.xls,T09252000.factors:I679,8,0,2,0
andy_zipper_000_1_1.pst.142.xls,DD-EGL:P29,3,0,3,0
mary_fischer_000_1_1.pst.114.xls,Feb 2002:C18,8,0,6,0
robin_rodrigue_000_1_1.pst.157.xls,Detail:E3372,1,0,1,0
don_baughman_000_1_1.pst.132.xls,Sheet1:C38,37,0,21,0
mike_swerzbin_000_1_1.pst.4.xls,GcDDisch_UsgsUsace1029_0901:A25335,1,0,1,0
dutch_quigley_000_1_1.pst.200.xls,A:DR249,33,1,32,1
robin_rodrigue_000_1_1.pst.270.xls,Sheet9:Q355,3,0,2,0
joe_stepenovitch_000_1_1.pst.25.xls,Results:K40,2,0,1,0
vkaminski_000_1_1_1.pst.2.xls,Curves:BH325,0,0,0,0
daren_farmer_000_1_1.pst.102.xls,Jan 01 trial:AB14,0,0,0,0
elizabeth_sager_000_1_1.pst.103.xls,Top Exposure (2):B651,5,0,3,0
vkaminski_001_1_2_1.pst.131.xls,Expiration Dates:D30,6,0,2,0
jane_tholt_000_1_1.pst.19.xls,Assign To West Contracts:G47,101,1,98,1
don_baughman_000_1_1.pst.180.xls,Sheet1:C38,37,1,21,1
chris_germany_000_1_2.pst.1062.xls,Sheet2:K99,127,1,126,1
benjamin_rogers_001_1_1.pst.109.xls,ENA Debt:B11,126,0,108,0
benjamin_rogers_000_1_1.pst.7.xls,ZONE J OFFPEAK:B4,10,0,8,0
andy_zipper_000_1_1.pst.64.xls,DD-EGL:P29,3,0,3,0
benjamin_rogers_001_1_1.pst.222.xls,Debt:E160,1154,19,1133,20
benjamin_rogers_000_1_1.pst.11.xls,STRIPS:C1,2,0,1,0
jim_schwieger_000_1_1.pst.100.xls,NYMEX-PR:A1536,5,0,5,0
darron_c_giron_002_1_1_1.pst.143.xls,Darron:J4,205,1,205,1
matthew_lenhart_001_1_1.pst.158.xls,OP.Power Desk Daily Price:B7,3,0,3,0
joe_parks_000_1_1.pst.218.xls,Jan 01 trial:AB14,0,0,0,0
larry_may_000_1_1.pst.302.xls,WEST GAMMA:B3,150,1,1,1
vkaminski_000_1_1_1.pst.175.xls,NICKEL:B3505,7,0,5,0
mike_grigsby_000_1_1_1.pst.133.xls,Months:F4,4,0,4,0
andy_zipper_000_1_1.pst.111.xls,Deal Detail:K23,3,0,1,0
andy_zipper_000_1_1.pst.82.xls,Sheet1:B20,26,1,25,1
chris_germany_000_1_2.pst.1044.xls,Sheet2:K55,63,1,32,1
darrell_schoolcraft_000_1_1_1.pst.700.xls,Duke 500621:H12,32,0,30,0
joe_parks_000_1_1.pst.120.xls,Tx Gulf Matrix:AD61,2,0,2,0
john_arnold_000_1_2.pst.135.xls,Data-Apr-Sep:C6,3,0,3,0
benjamin_rogers_001_1_1.pst.115.xls,ENA Debt:B11,126,1,108,1
benjamin_rogers_000_1_1.pst.170.xls,Sky River:E92,347,2,346,3
vladi_pimenov_000_1_1.pst.60.xls,Raw Data:BL4,8,0,4,0
don_baughman_000_1_1.pst.195.xls,Sheet1:C38,37,1,21,1
mike_grigsby_000_1_1_1.pst.188.xls,Months:F4,4,0,4,0
chris_germany_000_1_2.pst.161.xls,Special Pricing:A327,7,0,6,0
jeff_dasovich_000_1_1_1.pst.115.xls,Curves:B10,43,0,42,0
matthew_lenhart_001_1_1.pst.164.xls,OP.Power Desk Daily Price:B7,3,0,3,0
tori_kuykendall_000_1_1_1.pst.122.xls,Price Sheet:B3,9,0,5,0
daren_farmer_000_1_1.pst.110.xls,Jan 01 trial:AB14,0,0,0,0
louise_kitchen_000_1_1_1_1.pst.1.xls,Cost Cancel Details:D108,460,4,460,4
andy_zipper_000_1_1.pst.58.xls,DD-EGL:P29,3,0,3,0
larry_campbell_000_1_1.pst.381.xls,Sheet1:E252,3,0,3,0
tracy_geaccone_000_1_1.pst.152.xls,Trackers:D344,209,2,209,2
don_baughman_000_1_1.pst.179.xls,Sheet1:C38,37,1,21,1
phillip_allen_000_1_1.pst.134.xls,Project Schedule:E1,2,0,2,0
chris_germany_000_1_2.pst.1059.xls,Sheet2:K401,63,0,32,0
vkaminski_000_1_1_1.pst.169.xls,MG Credit:C5,5,0,5,0
jonathan_mckay_000_1_1.pst.25.xls,TETCO_TRANSCO:F38,729,4,729,4
phillip_allen_000_1_1.pst.102.xls,Curves:A1,75,1,75,1
richard_ring_000_1_1.pst.95.xls,Commercial Energy Services:K24,5,0,5,0
don_baughman_000_1_1.pst.185.xls,Sheet1:C38,37,0,21,0
louise_kitchen_000_1_1_1_1.pst.255.xls,Cost Cancel Details:D108,460,4,460,5
peter_keavey_000_1_1.pst.21.xls,Realized Vol:A1422,1,0,1,0
benjamin_rogers_000_1_1.pst.191.xls,CALC:FA17,0,0,0,0
errol_mclaughlin_jr_000_1_1.pst.136.xls,Gas Swap Model:B10,69,0,69,0
kam_keiser_000_1_1.pst.16.xls,LongTerm73:AH22,22,0,20,0
kevin_ruscitti_000_1_1.pst.152.xls,03-15-00AM:X531,1,0,1,0
harry_arora_000_1_1.pst.121.xls,vol data:N470,3,0,2,1
chris_germany_000_1_2.pst.1112.xls,April EPA Vols:K45,9,0,9,0
mike_grigsby_000_1_1_1.pst.251.xls,Months:F4,4,0,4,0
tracy_geaccone_000_1_1.pst.239.xls,Trackers:D344,209,1,209,2
frank_ermis_000_1_1.pst.180.xls,Months:F4,4,0,4,0
chris_germany_000_1_2.pst.1172.xls,Choice Flow:Q4,13,0,12,0
gstorey_000_1_1.pst.111.xls,king 80-15-5:E2,236,2,236,2
tori_kuykendall_000_1_1_1.pst.12.xls,GDA:AG17,1,0,1,0
teb_lokey_000_1_1.pst.20.xls,YR_REV:G140,18,0,17,0
richard_ring_000_1_1.pst.176.xls,Commercial Energy Services:K24,5,0,5,0
daren_farmer_001_1_1.pst.1195.xls,Mar:G4,11,0,11,0
andy_zipper_000_1_1.pst.97.xls,DD-EGL:P29,3,0,3,0
jim_schwieger_000_1_1.pst.110.xls,Sheet2:J5,2325,32,2325,33
robin_rodrigue_001_1_1.pst.3.xls,Sheet12:Q355,3,0,2,0
don_baughman_000_1_1.pst.131.xls,Sheet1:C38,37,1,21,1
dutch_quigley_000_1_1.pst.201.xls,A:DR249,33,0,32,0
jane_tholt_000_1_1.pst.191.xls,Study 4a:A9,12,0,9,0
john_griffith_000_1_1.pst.187.xls,Drawdown:X17,7,0,7,0
vkaminski_003_1_1_1.pst.21.xls,VAR:A42,12,0,6,0
daren_farmer_000_1_1.pst.103.xls,Jan 01 trial:AB14,0,0,0,0
stacey_white_000_1_1.pst.249.xls,OP.Power Desk Daily Price:B7,3,0,3,0
larry_may_000_1_1.pst.312.xls,DATA:B3,1,0,1,0
vkaminski_000_1_1_1.pst.258.xls,R11_logs:BM388,0,0,0,0
louise_kitchen_000_1_1_1_1.pst.238.xls,Cost Cancel Details:D188,460,5,460,5
vkaminski_002_1_1_1.pst.275.xls,Gas Curves:BV2,0,0,0,0
vkaminski_000_1_1_1.pst.212.xls,sp500:D8,52,0,45,0
vkaminski_000_1_1_1.pst.255.xls,factors2:G1897,8,0,1,0
benjamin_rogers_001_1_1.pst.134.xls,DPL Prices for Summer:C71,4,0,4,0
john_griffith_000_1_1.pst.516.xls,Sheet1:B2453,5,0,5,0
robin_rodrigue_000_1_1.pst.151.xls,Sheet14:Q355,3,0,2,0
holden_salisbury_000_1_1.pst.33.xls,UAMPS:K44,4,0,4,0
benjamin_rogers_000_1_1.pst.171.xls,Peak Revenue:A10,1,0,1,0
joe_parks_000_1_1.pst.227.xls,Jan 01 trial:AB14,0,0,0,0
don_baughman_000_1_1.pst.181.xls,Sheet1:C38,37,0,21,0
darron_c_giron_002_1_1_1.pst.167.xls,Cash Flow:M5,723,4,723,4
stacey_white_000_1_1.pst.139.xls,PJM Monthly Summary 2000 05 V.1:F39,6,0,6,0
jonathan_mckay_000_1_1.pst.13.xls,TETCO_TRANSCO:L31,111,0,110,0
john_griffith_000_1_1.pst.184.xls,Drawdown:X17,7,0,7,0
scott_neal_000_1_1.pst.192.xls,Temps:B3746,1,1,1,1
don_baughman_000_1_1.pst.129.xls,Sheet1:C38,37,0,21,0
robin_rodrigue_000_1_1.pst.166.xls,Detail:E3372,1,0,1,0
don_baughman_000_1_1.pst.149.xls,Sheet1:C38,37,0,21,0
andy_zipper_000_1_1.pst.75.xls,DD-EGL:P29,3,0,3,0
vkaminski_000_1_1_1.pst.27.xls,Distributions:D5,11,0,10,0
andy_zipper_000_1_1.pst.59.xls,DD-EGL:P29,3,0,3,0
andy_zipper_000_1_1.pst.120.xls,DD-EGL:P29,3,0,3,0
benjamin_rogers_000_1_1.pst.139.xls,Debt:B40,484,5,482,5
don_baughman_000_1_1.pst.196.xls,8-1:C38,37,0,21,0
andy_zipper_000_1_1.pst.16.xls,DD-EGL:P29,3,0,3,0
michelle_lokay_000_1_2_1.pst.368.xls,PNM 500617:H12,35,0,32,0
vkaminski_000_1_1_1.pst.278.xls,READDATA:AD6,0,0,0,0
john_arnold_000_1_2.pst.108.xls,W Trades:D47,61,0,61,0
benjamin_rogers_000_1_1.pst.143.xls,Debt:B54,326,3,324,3
rick_buy_000_1_1_1_1.pst.186.xls,DefaultProbs:H142,14,0,8,0
daren_farmer_000_1_1.pst.387.xls,Jan 01 trial:AB14,0,0,0,0
mike_carson_000_1_1.pst.42.xls,Results:K40,2,0,1,0
jeff_dasovich_000_1_1_1.pst.44.xls,SUMMARY:D3,3,0,3,0
jane_tholt_000_1_1.pst.16.xls,Assign To West Contracts:G47,99,1,96,1
joe_quenet_000_1_1.pst.18.xls,Results:K40,2,0,1,0
chris_germany_000_1_2.pst.1063.xls,Sheet2:K99,127,1,126,1
vladi_pimenov_000_1_1.pst.61.xls,Raw Data:BL4,8,0,4,0
john_forney_000_1_1.pst.59.xls,ERCOT MCP BY INTERVAL:K7,14,0,5,0
vkaminski_001_1_2_1.pst.160.xls,Escalation:M12,1,0,1,0
paul_y'barbo_000_1_1.pst.64.xls,76%:D2,1774,11,1774,12
stacey_white_000_1_1.pst.305.xls,BRA Power:A6,28,0,27,0
don_baughman_000_1_1.pst.141.xls,Sheet1:C38,37,0,21,0
sally_beck_000_1_1_1_1.pst.577.xls,IM:E42,19,1,16,1
john_griffith_000_1_1.pst.846.xls,Position:H44,8,0,6,0
john_lavorato_001_1_1_1.pst.82.xls,Cost Cancel Details:D92,460,4,460,4
vkaminski_000_1_1_1.pst.127.xls,NG:B7,15,1,10,1
mary_fischer_000_1_1.pst.116.xls,Feb 2002:C18,8,0,6,0
darron_c_giron_000_1_1_1.pst.276.xls,PRD Location_Def:H3819,2,1,2,1
andy_zipper_000_1_1.pst.87.xls,DD-EGL:P29,3,0,3,0
mike_grigsby_000_1_1_1.pst.146.xls,Months:F4,4,0,4,0
craig_dean_000_1_1.pst.124.xls,Interval Data:A8758,3,0,1,0
mary_hain_000_1_1.pst.160.xls,CALC:L31,159,1,159,1
don_baughman_000_1_1.pst.134.xls,Sheet1:C38,37,0,21,0
tracy_geaccone_000_1_1.pst.238.xls,BACKUP:C303,145,1,145,2
mike_grigsby_000_1_1_1.pst.189.xls,Months:F4,4,0,4,0
daren_farmer_000_1_1.pst.100.xls,Jan 01 trial:AB14,0,0,0,0
don_baughman_000_1_1.pst.177.xls,Sheet1:C38,37,0,21,0
joe_parks_000_1_1.pst.5.xls,X_H:A5,14,0,13,0
brad_mckay_000_1_1.pst.0.xls,ConEd Data:C17,5,0,5,0
vladi_pimenov_000_1_1.pst.6.xls,ANR:A411,1,0,1,0
stacey_white_000_1_1.pst.252.xls,BRA Power:A6,28,0,27,0
chris_germany_000_1_2.pst.166.xls,Special Pricing:A327,7,0,6,0
lindy_donoho_000_1_1_1.pst.17.xls,WOT by Month thru 2010:DU7,2,0,2,0
jim_schwieger_000_1_1.pst.111.xls,Module2:DR1624,3,0,3,0
andy_zipper_000_1_1.pst.23.xls,Deal Detail:K727,3,0,1,0
mark_taylor_001_1_1.pst.120.xls,NY:S375,203,2,203,3
jay_reitmeyer_000_1_1.pst.201.xls,Sheet1:AJ62,1,0,1,0
jonathan_mckay_000_1_1.pst.28.xls,TETCO_TRANSCO:F38,729,4,729,4
mary_fischer_000_1_1.pst.101.xls,Feb 2002:C18,8,0,6,0
andy_zipper_000_1_1.pst.66.xls,DD-EGL:P10,4,0,4,0
gstorey_000_1_1.pst.15.xls,ANR Willow:A138,1,0,1,0
louise_kitchen_000_1_1_1_1.pst.237.xls,Cost Cancel Details:D148,460,4,460,5
gstorey_000_1_1.pst.108.xls,Curves:AL12,7,0,6,0
chris_germany_000_1_1_1.pst.96.xls,Total Reqs:J11,251,2,251,2
tracy_geaccone_000_1_1.pst.266.xls,BACKUP:C303,145,1,145,1
andy_zipper_000_1_1.pst.72.xls,DD-EGL:P29,3,0,3,0
vkaminski_000_1_1_1.pst.182.xls,DATABASE:F4914,2,0,1,0
robin_rodrigue_000_1_1.pst.266.xls,Sheet8:Q355,3,0,2,0
robin_rodrigue_000_1_1.pst.13.xls,Detail:E3372,1,0,1,0
benjamin_rogers_001_1_1.pst.52.xls,Wilton:X135,34,0,34,0
errol_mclaughlin_jr_000_1_1.pst.137.xls,EO9904.1 floor:L10,23,0,23,0
tori_kuykendall_000_1_1_1.pst.0.xls,Price Sheet:B3,9,0,5,0
phillip_allen_000_1_1.pst.253.xls,Curves:A1,75,1,75,1
jonathan_mckay_000_1_1.pst.12.xls,TETCO_TRANSCO:L31,111,1,110,1
john_forney_000_1_1.pst.58.xls,ERCOT MCP BY INTERVAL:K7,14,0,5,0
lindy_donoho_000_1_1_1.pst.15.xls,WOT by Month thru 2010:DU7,2,0,2,0
john_griffith_000_1_1.pst.185.xls,MAIN:U18,196,2,196,2
louise_kitchen_000_1_1_1_1.pst.242.xls,Cost Cancel Details:D180,460,6,460,6
jeff_dasovich_000_1_1_1.pst.138.xls,PG&E Assessment:C40,2678,21,2671,22
tori_kuykendall_000_1_1_1.pst.15.xls,Price Sheet:B3,9,0,5,0
andy_zipper_000_1_1.pst.74.xls,DD-EGL:P29,3,0,3,0
vkaminski_000_1_1_1.pst.256.xls,factors_mod:G489,8,0,2,0
kevin_ruscitti_000_1_1.pst.49.xls,Swap:A8,29,1,29,1
louise_kitchen_001_1_1_1.pst.374.xls,HR:J19,16,0,15,0
phillip_m_love_001_1_1.pst.209.xls,LongTerm3:AH22,22,0,20,0
mike_grigsby_000_1_1_1.pst.247.xls,Months:F4,4,0,4,0
phillip_allen_000_1_1.pst.132.xls,Project Schedule:E1,2,0,2,0
john_griffith_000_1_1.pst.322.xls,Gas Swap Model:A3,50,0,49,0
daren_farmer_000_1_1.pst.388.xls,Jan 01 trial:AB14,0,0,0,0
tori_kuykendall_000_1_1_1.pst.106.xls,Price Sheet:B3,9,0,5,0
don_baughman_000_1_1.pst.182.xls,Sheet1:C38,37,0,21,0
richard_shapiro_000_1_1.pst.140.xls,Gas Swap Model:B10,69,1,69,1
david_delainey_000_1_1_1.pst.4.xls,JrDebt:E12,382,3,381,3
lisa_gang_000_1_1.pst.136.xls,December Hydro:M15,11,0,11,0
don_baughman_000_1_1.pst.148.xls,Sheet1:C38,37,1,21,1
joe_parks_000_1_1.pst.119.xls,E TX Matrix:A126,114,1,33,1
sally_beck_002_1_1_1.pst.3.xls,Monthly Headcount by Position:D70,74,1,74,1
bill_williams_iii_000_1_1.pst.56.xls,Sheet1:C49,37,0,21,0
vladi_pimenov_000_1_1.pst.57.xls,Raw Data:BL4,8,0,4,0
andy_zipper_000_1_1.pst.80.xls,DD-EGL:P29,3,0,3,0
john_griffith_000_1_1.pst.200.xls,New Index Sale:N9,16,0,16,0
james_steffes_000_1_1.pst.221.xls,ANZA LOAD_LOSSES:C51,6,0,6,0
chris_dorland_000_1_1_1.pst.59.xls,Jan01:E2,1,0,1,0
monika_causholli_000_1_1.pst.60.xls,Sheet2:B4,3,0,3,0
andy_zipper_000_1_1.pst.18.xls,Deal Detail:K727,3,0,1,0
jeff_dasovich_000_1_1_1.pst.117.xls,PeakMonthlyAvg:B20,81,1,81,1
don_baughman_000_1_1.pst.133.xls,Sheet1:C38,37,0,21,0
vkaminski_001_1_2_1.pst.39.xls,DPR_detail:O235,10,0,9,0
mike_grigsby_000_1_1_1.pst.147.xls,Months:F4,4,0,4,0
joe_parks_000_1_1.pst.6.xls,X_H:A5,14,0,13,0
daren_farmer_000_1_1.pst.101.xls,Jan 01 trial:AB14,0,0,0,0
matthew_lenhart_000_1_1.pst.19.xls,Curves:A1,75,1,75,1
don_baughman_000_1_1.pst.176.xls,Sheet1:C38,37,0,21,0
jim_schwieger_000_1_1.pst.71.xls,NYMEX-PR:A1536,5,0,5,0
vkaminski_000_1_1_1.pst.313.xls,READDATA:AD6,0,0,0,0
vkaminski_001_1_2_1.pst.161.xls,Escalation:K13,1,0,1,0
kevin_ruscitti_000_1_1.pst.100.xls,Mar Actuals:X531,1,0,1,0
phillip_m_love_000_1_1.pst.681.xls,Transport Pos:A3,1,0,1,0
benjamin_rogers_000_1_1.pst.18.xls,STRIPS:C1,2,0,1,0
louise_kitchen_000_1_1_1_1.pst.257.xls,Cost Cancel Details:D108,460,4,460,4
mike_grigsby_000_1_1_1.pst.260.xls,Months:F4,4,0,4,0
jonathan_mckay_000_1_1.pst.27.xls,TETCO_TRANSCO:F38,729,5,729,5
jim_schwieger_000_1_1.pst.112.xls,Module2:DS2111,3,0,3,0
chris_germany_000_1_2.pst.1057.xls,Sheet2:K401,63,0,32,0
andy_zipper_000_1_1.pst.52.xls,DD-EPM:U324,4,0,2,0
rick_buy_000_1_1_1_1.pst.170.xls,Cost Cancel Details:D92,460,4,460,5
kevin_presto_000_1_1.pst.16.xls,MAIN:U18,174,2,173,2
vkaminski_000_1_1_1.pst.177.xls,ALUMINUM_H:B3505,7,0,5,0
tracy_geaccone_000_1_1.pst.237.xls,Trackers:D184,221,1,221,1
chris_germany_000_1_2.pst.1136.xls,03-31-00Apr:X531,1,0,1,0
jonathan_mckay_000_1_1.pst.122.xls,Rate 11 Balancing:B42,1176,15,1137,16
darrell_schoolcraft_000_1_1_1.pst.428.xls,Duke 500621:H12,32,0,30,0
stacey_white_000_1_1.pst.296.xls,BRA Power:A6,28,1,27,1
vkaminski_000_1_1_1.pst.307.xls,Expiration Dates:D30,6,0,2,0
stacey_white_000_1_1.pst.1.xls,BRA Power:A6,28,0,27,0
jim_schwieger_000_1_1.pst.106.xls,NYMEX-PR:A1536,5,0,5,0
benjamin_rogers_000_1_1.pst.116.xls,ENA Debt:B11,86,0,86,0
don_baughman_000_1_1.pst.127.xls,Sheet1:C38,37,0,21,0
kevin_ruscitti_000_1_1.pst.4.xls,Swap:A8,29,0,29,0
jane_tholt_000_1_1.pst.198.xls,Study 4a:A9,12,0,9,0
andy_zipper_000_1_1.pst.67.xls,DD-EGL:P29,3,0,3,0
joe_parks_000_1_1.pst.211.xls,Jan 01 trial:AB14,0,0,0,0
