fileName,Longest Dep Ref,GraphBuildTime,TACOLookupSize,TACOLookupTime,TACOPostProcessedLookupSize,TACOPostProcessedLookupTime
stacey_white_000_1_1.pst.254.xls,AlphaSort:F4400,1842,3,10,1,11
darron_c_giron_002_1_1_1.pst.177.xls,Darron:J4,773,205,7,205,8
stacey_white_000_1_1.pst.262.xls,BRA Power:A6,2673,28,1,27,1
mike_grigsby_000_1_1_1.pst.248.xls,Months:F4,166,4,1,4,1
kevin_ruscitti_000_1_1.pst.156.xls,03-21-00AM:X531,4151,1,0,1,0
daren_farmer_001_1_1.pst.895.xls,Mar 99:N16,224,15,0,15,0
mike_grigsby_000_1_1_1.pst.256.xls,Months:F4,152,4,0,4,0
robin_rodrigue_000_1_1.pst.11.xls,Detail:E3372,187,1,0,1,0
david_delainey_000_1_2.pst.137.xls,IDC:H11,631,5,0,3,0
dutch_quigley_000_1_1.pst.211.xls,Opt:B10,314,1,0,1,0
benjamin_rogers_000_1_1.pst.45.xls,PJM:N12,7361,15,0,13,0
vkaminski_000_1_1_1.pst.229.xls,SHIPS:B26,245,3,0,2,0
phillip_allen_000_1_1.pst.212.xls,NYMEX:A13,2089,1,1,1,1
vkaminski_000_1_1_1.pst.141.xls,053100:C51,953,29,0,29,0
don_baughman_000_1_1.pst.119.xls,Sheet1:C38,368,37,0,21,0
vkaminski_000_1_1_1.pst.172.xls,COPPER:B3505,410,7,0,5,0
gerald_nemec_000_1_1.pst.126.xls,Jul:A11,184,6,0,6,0
louise_kitchen_000_1_1_1_1.pst.258.xls,Cost Cancel Details:D92,3374,460,6,460,7
benjamin_rogers_001_1_1.pst.136.xls,ENA Debt:B11,767,126,1,108,1
kevin_ruscitti_000_1_1.pst.125.xls,Phys Test:E15,528,6479,49,6478,60
jonathan_mckay_000_1_1.pst.23.xls,TETCO_TRANSCO:F38,913,729,6,729,6
don_baughman_000_1_1.pst.135.xls,Sheet1:C38,413,37,1,21,1
harry_arora_000_1_1.pst.123.xls,vol data:N470,166,3,0,2,0
benjamin_rogers_000_1_1.pst.173.xls,Peak Revenue:A10,1740,1,0,1,0
benjamin_rogers_000_1_1.pst.37.xls,Daily Curve:S3,346,2,0,1,0
don_baughman_000_1_1.pst.167.xls,Sheet1:C38,440,37,1,21,1
don_baughman_000_1_1.pst.183.xls,Sheet1:C38,445,37,0,21,0
stacey_white_000_1_1.pst.269.xls,BRA Power:A6,2413,28,1,27,1
tracy_geaccone_000_1_1.pst.147.xls,Trackers:D344,830,209,2,209,2
kevin_ruscitti_000_1_1.pst.101.xls,Mar Actuals:X531,4034,1,0,1,0
benjamin_rogers_001_1_1.pst.152.xls,Debt:B54,482,326,4,324,4
kevin_presto_000_1_1.pst.261.xls,Results:K40,162,2,0,1,0
kim_ward_000_1_2.pst.406.xls,July 17 Supply Price:A3,139,1,0,1,0
andy_zipper_000_1_1.pst.77.xls,DD-EGL:P29,200,3,0,3,0
jim_schwieger_000_1_1.pst.113.xls,Sheet1:DQ1659,6547,3,0,3,0
darron_c_giron_002_1_1_1.pst.154.xls,Darron:E4,304,11,0,11,0
vkaminski_000_1_1_1.pst.276.xls,payout model:D74,146,9,0,4,0
don_baughman_000_1_1.pst.151.xls,Sheet1:C38,448,37,0,21,0
john_lavorato_000_1_1_1.pst.57.xls,POS Lambie:AX2,4401,0,0,0,0
john_griffith_000_1_1.pst.197.xls,Curves:G78,953,17,1,17,1
don_baughman_000_1_1.pst.143.xls,Sheet1:C38,440,37,1,21,1
stacey_white_000_1_1.pst.382.xls,NONCEC:B4,418,31,1,28,1
andy_zipper_000_1_1.pst.106.xls,DD-EGL:P29,921,3,0,3,0
joe_parks_000_1_1.pst.133.xls,Variable Rates - Sept:B5,5561,19,1,9,1
mark_taylor_001_1_1.pst.58.xls,Sheet1:C369,501,25,0,25,0
andy_zipper_000_1_1.pst.70.xls,DD-EGL:P29,134,3,0,3,0
tracy_geaccone_000_1_1.pst.268.xls,Trackers:D184,943,221,2,221,2
jonathan_mckay_000_1_1.pst.15.xls,TETCO_TRANSCO:L31,1027,111,1,110,1
don_baughman_000_1_1.pst.128.xls,Sheet1:C38,307,37,0,21,0
andy_zipper_000_1_1.pst.53.xls,DD-EPM:U324,104,4,0,2,0
andy_zipper_000_1_1.pst.68.xls,DD-EGL:P29,133,3,0,3,0
andy_zipper_000_1_1.pst.168.xls,Deal Detail:K23,133,3,0,1,0
don_baughman_000_1_1.pst.175.xls,Sheet1:C38,422,37,0,21,0
john_zufferli_000_1_1.pst.54.xls,DATA:F38,89,2,0,1,0
chris_germany_000_1_2.pst.164.xls,Special Pricing:A327,231,7,0,6,0
andy_zipper_000_1_1.pst.85.xls,DD-EGL:P29,865,3,0,3,0
kevin_hyatt_000_1_1.pst.120.xls,Duke 500621:H12,146,32,0,30,0
jim_schwieger_000_1_1.pst.105.xls,Sheet1:B94,619,71,1,55,1
vkaminski_002_1_1_1.pst.12.xls,5e. 7.8:D4,5157,45,0,44,0
darron_c_giron_000_1_1_1.pst.137.xls,PRD Location_Def:H3819,717,2,0,2,0
dutch_quigley_000_1_1.pst.212.xls,Opt:B10,343,1,0,1,0
kevin_ruscitti_000_1_1.pst.157.xls,03-22-00AM:X531,4101,1,0,1,0
andy_zipper_000_1_1.pst.144.xls,DD-EGL:P29,990,3,0,3,0
robin_rodrigue_000_1_1.pst.12.xls,Detail:E3372,152,1,0,1,0
andy_zipper_000_1_1.pst.21.xls,DD-EGL:P29,999,3,0,3,0
lindy_donoho_000_1_1_1.pst.123.xls,IG-BL by Month:AG37,266,0,0,0,0
tracy_geaccone_000_1_1.pst.146.xls,Trackers:D184,1192,221,2,221,2
don_baughman_000_1_1.pst.189.xls,Sheet1:C38,424,37,0,21,1
fletcher_sturm_000_1_1.pst.99.xls,Filter-new:B1,978,16,0,10,1
don_baughman_000_1_1.pst.200.xls,8-1:C38,862,37,1,21,1
juan_hernandez_000_1_1.pst.10.xls,Sheet1:C38,461,37,0,21,0
robin_rodrigue_000_1_1.pst.159.xls,Detail:E3372,178,1,0,1,0
vkaminski_002_1_1_1.pst.276.xls,Gas Curves:BV2,445,0,0,0,0
daren_farmer_000_1_1.pst.104.xls,Jan 01 trial:AB14,1878,0,0,0,0
vkaminski_000_1_1_1.pst.310.xls,Sheet1:A64,1197,105,2,59,2
dutch_quigley_000_1_1.pst.202.xls,A:DR249,899,33,0,32,0
vkaminski_000_1_1_1.pst.309.xls,Sheet1:A64,1048,105,2,59,2
elizabeth_sager_000_1_1.pst.122.xls,Top Exposure (2):B651,1093,5,0,3,0
juan_hernandez_000_1_1.pst.169.xls,Regional_Spreads:B306,743,18,0,18,0
don_baughman_000_1_1.pst.190.xls,Sheet1:C38,434,37,1,21,1
jonathan_mckay_000_1_1.pst.14.xls,TETCO_TRANSCO:L31,898,111,1,110,1
daren_farmer_000_1_1.pst.1499.xls,Jan 01 trial:AB14,1294,0,0,0,0
stacey_white_000_1_1.pst.230.xls,OP.Power Desk Daily Price:B7,307,3,0,3,0
vkaminski_001_1_2_1.pst.125.xls,Metro:G2,516,10,0,9,0
lindy_donoho_000_1_1_1.pst.13.xls,WOT by Month thru 2010:DU7,387,2,0,2,0
michelle_lokay_000_1_2_1.pst.24.xls,Duke 500621:H12,126,32,1,30,1
tori_kuykendall_000_1_1_1.pst.48.xls,Price Sheet:B3,150,9,0,5,0
dutch_quigley_000_1_1.pst.51.xls,Sheet1:A1536,96,5,0,5,0
don_baughman_000_1_1.pst.152.xls,Sheet1:C38,438,37,0,21,0
mike_grigsby_000_1_1_1.pst.255.xls,Months:F4,131,4,0,4,0
benjamin_rogers_001_1_1.pst.153.xls,Curve Paste:BU217,3477,0,0,0,0
andy_zipper_000_1_1.pst.92.xls,DD-EGL:P29,1004,3,0,3,0
andy_zipper_000_1_1.pst.170.xls,Deal Detail:K727,161,3,0,1,0
jonathan_mckay_000_1_1.pst.24.xls,TETCO_TRANSCO:F38,878,729,5,729,6
louise_kitchen_000_1_1_1_1.pst.259.xls,Cost Cancel Details:D92,3304,460,5,460,5
jonathan_mckay_000_1_1.pst.30.xls,TETCO_TRANSCO:F38,930,729,5,729,5
benjamin_rogers_001_1_1.pst.2.xls,Wilton:T114,418,35,0,35,0
vkaminski_000_1_1_1.pst.304.xls,Expiration Dates:D30,283,6,0,2,0
chris_germany_000_1_1_1.pst.125.xls,Total Reqs:J28,1171,259,3,259,3
benjamin_rogers_000_1_1.pst.190.xls,CALC:FA17,2624,0,0,0,0
tracy_geaccone_000_1_1.pst.308.xls,Annual Fuel Calc Alt:I30,2596,64,0,64,0
benjamin_rogers_000_1_1.pst.142.xls,Debt:B54,501,326,5,324,5
don_baughman_000_1_1.pst.184.xls,Sheet1:C38,434,37,0,21,0
eric_saibi_000_1_1.pst.218.xls,Graph:D4,233,3,0,2,0
andy_zipper_000_1_1.pst.76.xls,DD-EGL:P29,217,3,0,3,0
phillip_m_love_000_1_1.pst.672.xls,m_chg:A7,2025,6,0,1,0
louise_kitchen_000_1_1_1_1.pst.0.xls,Cost Cancel Details:D108,3611,460,5,460,5
andy_zipper_000_1_1.pst.122.xls,DD-EGL:P29,932,3,0,3,0
don_baughman_000_1_1.pst.142.xls,Sheet1:C38,456,37,1,21,1
darrell_schoolcraft_000_1_1_1.pst.219.xls,Duke 500621:H12,209,32,0,30,0
jim_schwieger_000_1_1.pst.104.xls,Sheet1:AQ17,1404,0,0,0,0
john_griffith_000_1_1.pst.546.xls,Power:V62,255,1,0,1,0
benjamin_rogers_000_1_1.pst.157.xls,Debt:B54,472,326,3,324,3
vkaminski_000_1_1_1.pst.286.xls,Expiration Dates:D30,259,6,0,2,0
robin_rodrigue_000_1_1.pst.137.xls,Sheet10:Q355,760,3,0,2,0
chris_germany_000_1_1_1.pst.109.xls,Total Reqs:J11,1083,251,3,251,3
louise_kitchen_000_1_1_1_1.pst.249.xls,Cost Cancel Details:D108,3653,460,5,460,5
matthew_lenhart_001_1_1.pst.154.xls,OP.Power Desk Daily Price:B7,322,3,0,3,0
scott_neal_000_1_1.pst.533.xls,Sheet1:I2376,176,4,1,4,1
stacey_white_000_1_1.pst.3.xls,BRA Power:A6,2572,28,0,27,0
kevin_ruscitti_000_1_1.pst.103.xls,03-27-00AM:CQ24,3964,1,0,1,0
andy_zipper_000_1_1.pst.69.xls,DD-EGL:P29,127,3,0,3,0
joe_parks_000_1_1.pst.213.xls,Jan 01 trial:AB14,3346,0,0,0,0
andy_zipper_000_1_1.pst.115.xls,DD-EGL:P29,854,3,0,3,0
don_baughman_000_1_1.pst.174.xls,Sheet4:H2,2291,1,0,1,0
lynn_blair_000_1_1.pst.12.xls,Duke 500621:H12,227,32,1,30,1
phillip_m_love_000_1_1.pst.476.xls,LongTerm73:AH22,4867,22,0,20,0
mike_grigsby_000_1_1_1.pst.106.xls,Curves:A1,2111,87,1,87,1
louise_kitchen_000_1_1_1_1.pst.244.xls,Cost Cancel Details:D140,4586,460,5,460,5
don_baughman_000_1_1.pst.191.xls,Sheet1:C38,436,37,0,21,0
juan_hernandez_000_1_1.pst.164.xls,Sheet1:C38,459,37,1,21,1
richard_shapiro_001_1_2.pst.124.xls,SUMMARY:D3,67,3,0,3,0
andy_zipper_000_1_1.pst.169.xls,Deal Detail:K23,131,3,0,1,0
darrell_schoolcraft_000_1_1_1.pst.364.xls,MissAla :J36,728,40,0,38,0
eric_saibi_000_1_1.pst.464.xls,ERCOT MCP BY INTERVAL:K7,227,14,0,5,0
errol_mclaughlin_jr_000_1_1.pst.24.xls,MAY-2001:J3,461,6,0,5,0
andy_zipper_000_1_1.pst.71.xls,DD-EGL:P29,136,3,0,3,0
louise_kitchen_000_1_1_1_1.pst.212.xls,HR:H24,416,13,0,11,0
dan_hyvl_000_1_1.pst.112.xls,Purchasers:A119,166,27,0,27,0
andy_zipper_000_1_1.pst.54.xls,DD-EGL:P29,137,3,0,3,0
jonathan_mckay_000_1_1.pst.29.xls,TETCO_TRANSCO:F38,864,729,5,729,5
bill_williams_iii_000_1_1.pst.81.xls,BES Interval Data:F2288,117,1,0,1,0
daren_farmer_000_1_1.pst.1145.xls,Oct :Q16,306,11,0,11,0
benjamin_rogers_000_1_1.pst.12.xls,Peak:B57,272,2,0,1,0
matthew_lenhart_000_1_1.pst.23.xls,Curves:A1,2223,87,1,87,1
phillip_m_love_000_1_1.pst.677.xls,Curves:D15,1178,55,0,55,0
vkaminski_000_1_1_1.pst.174.xls,ZINC:B3505,366,7,0,5,0
john_lavorato_001_1_1_1.pst.86.xls,Months:F4,127,4,1,4,1
tracy_geaccone_000_1_1.pst.307.xls,Annual Fuel Calc Alt:I30,2907,64,0,64,0
jeff_dasovich_000_1_1_1.pst.91.xls,Template:N9,250,6,0,5,0
benjamin_rogers_001_1_1.pst.5.xls,Wilton:T114,546,35,1,35,1
gstorey_000_1_1.pst.116.xls,InputOutputSheet:S14,4889,2,0,2,0
scott_neal_000_1_1.pst.156.xls,Correlations:BC3,519,0,0,0,0
don_baughman_000_1_1.pst.137.xls,Sheet1:C38,524,37,0,21,0
stacey_white_000_1_1.pst.228.xls,ARG FIRM Port Calc Extract:M39,1008,7,0,7,0
tracy_geaccone_000_1_1.pst.269.xls,Trackers:D344,947,209,2,209,2
jane_tholt_000_1_1.pst.123.xls,Study 3:A9,422,15,0,9,0
jeffrey_a_shankman_000_1_2.pst.12.xls,APIS:C320,125,1,0,1,0
john_griffith_000_1_1.pst.196.xls,New Index Sale:N9,1381,16,0,16,0
daren_farmer_000_1_1.pst.1427.xls,Jan 01 trial:AB14,1152,0,0,0,0
louise_kitchen_000_1_1_1_1.pst.245.xls,Cost Cancel Details:D140,3621,460,4,460,5
barry_tycholiz_000_1_1.pst.77.xls,Sheet1:H19,849,19,0,16,0
paul_y'barbo_000_1_1.pst.61.xls,76%:D2,399,1789,11,1789,13
matthew_lenhart_001_1_1.pst.147.xls,OP.Power Desk Daily Price:B7,287,3,0,3,0
stacey_white_000_1_1.pst.51.xls,NG Summary by Day:E307,195,7,1,7,1
chris_germany_000_1_2.pst.1047.xls,Sheet2:K401,4764,63,1,32,1
errol_mclaughlin_jr_000_1_1.pst.134.xls,LVPP MTM:R18,257,5,0,5,0
benjamin_rogers_001_1_1.pst.246.xls,ENA Debt:B11,708,126,1,108,1
rick_buy_000_1_2_1.pst.28.xls,Replacement Costs:E66,190,4,1,4,1
vladi_pimenov_000_1_1.pst.2.xls,Raw Data:BL4,1199,9,0,4,0
lynn_blair_000_1_1.pst.181.xls,Aug 13:E2,474,18,0,15,0
david_delainey_000_1_2.pst.135.xls,commercial income:K12,469,20,0,20,0
andy_zipper_000_1_1.pst.20.xls,Deal Detail:K727,171,3,0,1,0
tracy_geaccone_000_1_1.pst.262.xls,Trackers:D184,903,221,2,221,2
stacey_white_000_1_1.pst.287.xls,BRA Power:A6,2337,28,1,27,1
andy_zipper_000_1_1.pst.63.xls,DD-EGL:P29,131,3,0,3,0
matthew_lenhart_001_1_1.pst.152.xls,OP.Power Desk Daily Price:B7,291,3,0,3,0
benjamin_rogers_000_1_1.pst.204.xls,Wilton:X135,387,34,0,34,0
kevin_presto_000_1_1.pst.473.xls,Raw Data:I6702,313,3,0,1,0
benjamin_rogers_000_1_1.pst.140.xls,Curve Paste:BU217,3311,0,0,0,0
stacey_white_000_1_1.pst.216.xls,BRA Power:A6,2412,28,1,27,1
andy_zipper_000_1_1.pst.166.xls,Deal Detail:K23,109,3,0,1,0
vkaminski_000_1_1_1.pst.216.xls,sp500:D8,200,51,0,43,0
chris_germany_000_1_2.pst.1075.xls,Sheet2:K99,5170,127,1,126,1
chris_germany_000_1_2.pst.1032.xls,11-99:AI11,160,6,0,6,0
vkaminski_000_1_1_1.pst.24.xls,Analysis:L8,499,5,0,4,0
daren_farmer_000_1_1.pst.313.xls,thursday:N13,409,3,0,3,0
lindy_donoho_000_1_1_1.pst.10.xls,WOT by Month thru 2010:DU7,344,2,0,2,0
craig_dean_000_1_1.pst.28.xls,May3:C49,134,13,1,3,1
larry_may_000_1_1.pst.309.xls,DATA:B3,189,1,0,1,0
andy_zipper_000_1_1.pst.27.xls,Deal Detail:K375,181,3,0,1,0
vkaminski_002_1_1_1.pst.10.xls,5a. 7.1:D4,1261,45,0,44,0
drew_fossum_000_1_1.pst.224.xls,Jul:A9,185,6,0,6,0
chris_germany_000_1_2.pst.162.xls,Special Pricing:A327,235,7,0,6,0
vkaminski_000_1_1_1.pst.171.xls,TIN:B3505,358,7,0,5,0
juan_hernandez_000_1_1.pst.165.xls,Sheet1:C38,440,37,0,21,0
andy_zipper_000_1_1.pst.138.xls,DD-EGL:P29,857,3,0,3,0
mike_grigsby_000_1_1_1.pst.250.xls,Months:F4,129,4,0,4,0
matthew_lenhart_000_1_1.pst.20.xls,Curves:A1,2192,87,1,87,1
errol_mclaughlin_jr_000_1_1.pst.23.xls,MAY-2001:J3,468,6,0,5,0
andy_zipper_000_1_1.pst.83.xls,DD-EGL:P29,689,3,0,3,0
tracy_geaccone_000_1_1.pst.428.xls,EREC-EREC4:E92,522,71,1,71,1
jay_reitmeyer_000_1_1.pst.197.xls,Sheet1:AJ62,244,1,0,1,0
benjamin_rogers_000_1_1.pst.104.xls,ZONE A OFFPEAK:C7,1336,9,0,9,0
andy_zipper_000_1_1.pst.79.xls,DD-EGL:P29,132,3,0,3,0
don_baughman_000_1_1.pst.192.xls,Sheet1:C38,443,37,1,21,1
phillip_allen_000_1_1.pst.302.xls,Sheet2:G3,936,1,0,1,0
jane_tholt_000_1_1.pst.186.xls,July 17 Supply Price:A3,133,1,0,1,0
don_baughman_000_1_1.pst.145.xls,Sheet1:C38,431,37,0,21,0
don_baughman_000_1_1.pst.102.xls,Sheet1:C38,444,37,0,21,0
richard_ring_000_1_1.pst.143.xls,Hourly EESI Price Calcs:G21,231,6,0,6,0
daren_farmer_000_1_1.pst.384.xls,Jan 01 trial:AB14,1832,0,0,0,0
don_baughman_000_1_1.pst.188.xls,Sheet1:C38,460,37,1,21,1
andrew_lewis_000_1_1.pst.12.xls,Swap:A7,130,16,0,16,0
paul_y'barbo_000_1_1.pst.26.xls,76%:D2,390,1812,12,1812,13
benjamin_rogers_000_1_1.pst.154.xls,Debt:B54,467,326,3,324,4
vkaminski_000_1_1_1.pst.289.xls,READDATA:AD6,130,0,0,0,0
keith_holst_000_1_1.pst.144.xls,FizIndexStart:C45,243,3,0,3,0
mary_fischer_000_1_1.pst.120.xls,SL1Trends:L32,257,17,0,17,0
louise_kitchen_001_1_1_1.pst.364.xls,Mkt Risk:J17,295,21,0,21,0
benjamin_rogers_001_1_1.pst.27.xls,Wilton:Y135,450,28,1,28,1
mark_haedicke_000_1_2.pst.31.xls,Off-Balance Sheet:S3,5455,1478,31,1476,32
john_griffith_000_1_1.pst.1000.xls,Spread Option:AO10,288,17,0,16,0
matthew_lenhart_000_1_1.pst.65.xls,DA-ties:J59,338,2,0,1,0
errol_mclaughlin_jr_000_1_1.pst.71.xls,CC 103816 - Detail Expenses:M48,461,7,0,7,0
kim_ward_000_1_2.pst.428.xls,July 17 Supply Price:A3,158,1,0,1,0
tracy_geaccone_000_1_1.pst.306.xls,Annual Fuel Calc Alt:L30,2200,62,0,62,0
john_hodge_000_1_1.pst.198.xls,load Info:L910,382,8,0,4,0
chris_germany_000_1_1_1.pst.99.xls,Total Reqs:J11,1035,251,3,251,3
vkaminski_001_1_2_1.pst.61.xls,3a. GBM :I7,1702,3,0,3,0
tracy_geaccone_000_1_1.pst.197.xls,EREC-EREC4:E70,540,70,1,70,1
joe_parks_000_1_1.pst.315.xls,Monthly Value:D14,2247,10,0,10,1
kevin_ruscitti_000_1_1.pst.155.xls,03_20_00AM:X531,5119,1,0,1,0
don_baughman_000_1_1.pst.138.xls,Sheet1:C38,541,37,0,21,0
errol_mclaughlin_jr_000_1_1.pst.133.xls,Surety Bond Annuity:B11,2049,73,1,72,1
vladi_pimenov_000_1_1.pst.73.xls,Price Sheet:B3,244,9,0,5,0
andy_zipper_000_1_1.pst.62.xls,DD-EGL:P29,180,3,0,3,0
andy_zipper_000_1_1.pst.146.xls,DD-EGL:P29,1017,3,0,3,0
benjamin_rogers_000_1_1.pst.169.xls,ENA_Debt:B54,3755,326,3,324,4
matthew_lenhart_001_1_1.pst.103.xls,OP.Power Desk Daily Price:B7,292,3,1,3,1
david_delainey_000_1_2.pst.134.xls,balance sheet:I3,389,21,0,21,0
larry_may_000_1_1.pst.114.xls,curves:G2,421,1,0,1,0
vkaminski_000_1_1_1.pst.317.xls,volatility:H704,305,3,0,3,0
dutch_quigley_000_1_1.pst.210.xls,Opt:B10,340,1,0,1,0
don_baughman_000_1_1.pst.202.xls,8-1:C38,1295,37,0,21,0
robin_rodrigue_000_1_1.pst.53.xls,PrudCalc:AD7,243,0,0,0,0
mary_fischer_000_1_1.pst.140.xls,Curtailment Periods - Hourly:I39,302,10,0,9,0
louise_kitchen_000_1_1_1_1.pst.246.xls,Cost Cancel Details:D108,3679,460,5,460,5
louise_kitchen_000_1_1_1_1.pst.252.xls,Cost Cancel Details:D108,3170,460,4,460,4
vkaminski_003_1_1_1.pst.73.xls,CurveCreator:A4,1603,1,0,1,0
joe_stepenovitch_000_1_1.pst.15.xls,DATA:S537,49,2,0,2,0
john_griffith_000_1_1.pst.146.xls,FGT Z2 Supply:B10,2596,69,0,69,0
vkaminski_000_1_1_1.pst.173.xls,LEAD:B3505,328,7,0,5,0
daren_farmer_000_1_1.pst.1131.xls,Oct :Q16,280,11,0,11,0
vkaminski_001_1_2_1.pst.100.xls,Forward Curves:F98,222,36,0,36,0
fletcher_sturm_000_1_1.pst.44.xls,Mar01:E2,3023,1,0,1,0
vkaminski_001_1_2_1.pst.98.xls,Expiration Dates:D30,238,6,0,2,0
andy_zipper_000_1_1.pst.28.xls,DD-EGL:P29,941,3,0,3,0
chris_germany_000_1_2.pst.1046.xls,Sheet2:K55,4611,63,1,32,1
don_baughman_000_1_1.pst.193.xls,Sheet1:C38,401,37,0,21,1
chris_germany_000_1_2.pst.163.xls,Special Pricing:A327,226,7,0,6,0
john_griffith_000_1_1.pst.147.xls,FGT Z2 Supply:B10,2492,69,1,69,1
louise_kitchen_000_1_1_1_1.pst.247.xls,Cost Cancel Details:D108,3149,460,5,460,5
craig_dean_000_1_1.pst.35.xls,2CSC3ZONES 01SUM1 BASE CASE:H4780,371,2,0,1,1
chris_germany_000_1_1_1.pst.84.xls,Total Reqs:J11,1003,251,2,251,2
darron_c_giron_000_1_1_1.pst.194.xls,PRD Location_Def:H3819,743,2,0,2,0
harry_arora_000_1_1.pst.12.xls,Gas Curves:BV2,561,0,0,0,0
john_arnold_000_1_2.pst.326.xls,model1:P19,671,8,0,8,0
harry_arora_000_1_1.pst.130.xls,WorkingData:Q5,5430,4,0,2,0
don_baughman_000_1_1.pst.150.xls,Sheet1:C38,401,37,0,21,0
matthew_lenhart_000_1_1.pst.1.xls,Power Curve:A1,1060,5,0,5,0
matthew_lenhart_001_1_1.pst.145.xls,OP.Power Desk Daily Price:B7,264,3,0,3,0
kim_ward_000_1_2.pst.383.xls,July 17 Supply Price:A3,127,1,0,1,0
benjamin_rogers_000_1_1.pst.105.xls,STRIPS:C1,2813,2,0,1,0
lindy_donoho_000_1_1_1.pst.11.xls,WOT by Month thru 2010:DU7,505,2,0,2,0
andy_zipper_000_1_1.pst.78.xls,DD-EGL:P29,146,3,0,3,0
andy_zipper_000_1_1.pst.167.xls,Deal Detail:K23,110,3,0,1,0
don_baughman_000_1_1.pst.144.xls,Sheet1:C38,472,37,0,21,0
don_baughman_000_1_1.pst.101.xls,Sheet1:C38,455,37,0,21,0
larry_campbell_000_1_1.pst.502.xls,Sheet1:C38,497,37,1,21,1
don_baughman_000_1_1.pst.187.xls,Sheet1:C38,479,37,0,21,0
vkaminski_001_1_2_1.pst.62.xls,5b. 7.3:D4,6279,1042,13,1042,14
andy_zipper_000_1_1.pst.84.xls,DD-EGL:P29,965,3,0,3,0
chris_germany_000_1_2.pst.208.xls,Jan 01 trial:AB14,3474,0,0,0,0
paul_y'barbo_000_1_1.pst.127.xls,Duke 500621:H12,202,32,0,30,0
vkaminski_001_1_2_1.pst.159.xls,Escalation:L13,611,1,0,1,0
stacey_white_000_1_1.pst.279.xls,BRA Power:A6,2258,28,0,27,0
matthew_lenhart_001_1_1.pst.173.xls,OP.Power Desk Daily Price:B7,271,3,0,3,0
john_arnold_000_1_2.pst.354.xls,Position:M4,143,8,0,7,0
robin_rodrigue_000_1_1.pst.199.xls,Months:F4,156,4,0,4,0
vkaminski_000_1_1_1.pst.23.xls,Aux:H5,627,1,0,1,0
john_lavorato_001_1_1_1.pst.94.xls,CP Trade Data:F2,3155,8,0,6,0
darron_c_giron_002_1_1_1.pst.157.xls,30 Year:A4,112,10,0,8,0
thomas_martin_000_1_1_1.pst.194.xls,Physical Non EOL (2):B3,177,5,0,5,0
joe_parks_000_1_1.pst.296.xls,Data:J2,217,2,0,1,0
andy_zipper_000_1_1.pst.81.xls,DD-EGL:P29,153,3,0,3,0
tracy_geaccone_000_1_1.pst.198.xls,EREC-EREC4:E70,533,70,0,70,0
joe_parks_000_1_1.pst.121.xls,Permian Matrix:A113,357,105,0,31,0
john_griffith_000_1_1.pst.26.xls,Sheet1:E11,704,5,0,5,0
cooper_richey_000_1_1.pst.30.xls,DATA:F38,82,2,0,1,0
andy_zipper_000_1_1.pst.73.xls,DD-EGL:P29,121,3,0,3,0
jonathan_mckay_000_1_1.pst.113.xls,Normals:C3,293,1,0,1,0
mike_grigsby_000_1_1_1.pst.108.xls,Curves:A1,2027,87,1,87,1
benjamin_rogers_001_1_1.pst.34.xls,Wilton:Y135,389,28,1,28,1
larry_may_000_1_1.pst.311.xls,WEST GAMMA:B3,1748,150,0,1,0
robin_rodrigue_000_1_1.pst.133.xls,Alberta Curve:D9,327,3,0,2,0
matthew_lenhart_001_1_1.pst.96.xls,OP.Power Desk Daily Price:B7,279,3,1,3,1
gerald_nemec_000_1_1.pst.11.xls,Cash Flows:B47,590,3011,34,3011,35
vkaminski_000_1_1_1.pst.281.xls,Expiration Dates:D30,240,6,0,2,0
vkaminski_000_1_1_1.pst.176.xls,ALUMINUM_S:B3505,334,7,0,5,0
jane_tholt_000_1_1.pst.18.xls,Assign To West Contracts:G47,400,101,1,98,1
don_baughman_000_1_1.pst.147.xls,Sheet1:C38,397,37,0,21,0
darron_c_giron_000_1_1_1.pst.165.xls,Run Query:D25,142,1,0,1,0
andy_zipper_000_1_1.pst.65.xls,DD-EGL:P10,126,4,0,4,0
benjamin_rogers_001_1_1.pst.50.xls,Debt:E160,578,1139,11,1118,12
stacey_white_000_1_1.pst.300.xls,BRA Power:A6,2319,28,1,27,1
lindy_donoho_000_1_1_1.pst.142.xls,WOT by Month thru 2010:DU7,341,2,0,2,0
darron_c_giron_002_1_1_1.pst.149.xls,Carley-Custodial:F6,527,77,1,75,1
benjamin_rogers_000_1_1.pst.57.xls,Gas Curves:BV2,683,0,0,0,0
andy_zipper_000_1_1.pst.88.xls,DD-EGL:P29,839,3,0,3,0
vkaminski_001_1_2_1.pst.36.xls,RMPM-Whole:I12,1860,469,3,466,3
cooper_richey_000_1_1.pst.29.xls,Results:K40,138,2,0,1,0
don_baughman_000_1_1.pst.178.xls,Sheet1:C38,456,37,0,21,0
kevin_presto_000_1_1.pst.17.xls,CALC:S152,159,29,0,29,0
keith_holst_000_1_1.pst.68.xls,Data WEI:AB2706,1169,3,0,2,0
tracy_geaccone_000_1_1.pst.151.xls,Trackers:D184,861,221,1,221,1
robin_rodrigue_000_1_1.pst.148.xls,Sheet12:Q355,621,3,0,2,0
harry_arora_000_1_1.pst.14.xls,Gas Curves:BV2,555,0,0,0,0
vkaminski_001_1_2_1.pst.130.xls,Expiration Dates:D30,242,6,0,2,0
don_baughman_000_1_1.pst.140.xls,Sheet1:C38,402,37,0,21,0
jonathan_mckay_000_1_1.pst.11.xls,TETCO_TRANSCO:L31,900,111,1,110,1
john_arnold_000_1_2.pst.327.xls,W Trades:D47,915,61,1,61,1
david_delainey_000_1_1_1.pst.3.xls,JrDebt:E12,933,382,3,381,4
bill_williams_iii_000_1_1.pst.68.xls,22:C7,1453,4,0,4,0
benjamin_rogers_000_1_1.pst.25.xls,Kevin Forecast:AD3,894,1,0,1,0
joe_quenet_000_1_1.pst.17.xls,DATA:S537,57,2,0,2,0
mike_grigsby_000_1_1_1.pst.261.xls,Months:F4,145,4,0,4,0
chris_dorland_000_1_1_1.pst.47.xls,SWAP MODEL:A8,222,1,0,1,0
benjamin_rogers_000_1_1.pst.42.xls,Kevin Forecast:AD3,990,1,0,1,0
tracy_geaccone_000_1_1.pst.417.xls,Fuel Calc:H23,970,40,1,40,1
sally_beck_002_1_1_1.pst.5.xls,Monthly Headcount by Position:D43,1817,40,0,34,0
jonathan_mckay_000_1_1.pst.26.xls,TETCO_TRANSCO:F38,865,729,6,729,6
benjamin_rogers_001_1_1.pst.155.xls,ENA_Debt:B54,2703,326,2,324,2
don_baughman_000_1_1.pst.186.xls,Sheet1:C38,443,37,1,21,1
tracy_geaccone_000_1_1.pst.264.xls,Trackers:D344,803,209,2,209,2
vkaminski_000_1_1_1.pst.26.xls,Analysis:C61,220,20,0,14,0
jeff_dasovich_000_1_1_1.pst.116.xls,Curves:B10,192,43,1,41,1
don_baughman_000_1_1.pst.100.xls,Sheet1:C38,421,37,0,21,0
don_baughman_000_1_1.pst.194.xls,Sheet1:C38,407,37,1,21,1
louise_kitchen_000_1_1_1_1.pst.254.xls,Cost Cancel Details:D108,4182,460,5,460,6
chris_germany_000_1_2.pst.1111.xls,Chg vs FOM 03-24-00:X531,4636,1,0,1,0
eric_saibi_000_1_1.pst.598.xls,ERCOT MCP BY INTERVAL:K7,217,14,0,5,0
don_baughman_000_1_1.pst.205.xls,Individual trades:C106,525,34,0,16,0
robin_rodrigue_000_1_1.pst.15.xls,Detail:E3372,184,1,0,1,0
daren_farmer_000_1_1.pst.284.xls,Jan 01 trial:AB14,1797,0,0,0,0
vkaminski_000_1_1_1.pst.257.xls,T09252000.factors:I679,199,8,0,2,0
andy_zipper_000_1_1.pst.142.xls,DD-EGL:P29,905,3,0,3,0
mary_fischer_000_1_1.pst.114.xls,Feb 2002:C18,4893,8,1,6,1
robin_rodrigue_000_1_1.pst.157.xls,Detail:E3372,162,1,0,1,0
don_baughman_000_1_1.pst.132.xls,Sheet1:C38,335,37,0,21,0
mike_swerzbin_000_1_1.pst.4.xls,GcDDisch_UsgsUsace1029_0901:A25335,221,1,0,1,0
dutch_quigley_000_1_1.pst.200.xls,A:DR249,876,33,0,32,0
robin_rodrigue_000_1_1.pst.270.xls,Sheet9:Q355,691,3,0,2,0
joe_stepenovitch_000_1_1.pst.25.xls,Results:K40,182,2,0,1,0
vkaminski_000_1_1_1.pst.2.xls,Curves:BH325,580,0,0,0,0
daren_farmer_000_1_1.pst.102.xls,Jan 01 trial:AB14,1577,0,0,0,0
elizabeth_sager_000_1_1.pst.103.xls,Top Exposure (2):B651,903,5,0,3,0
vkaminski_001_1_2_1.pst.131.xls,Expiration Dates:D30,246,6,0,2,0
jane_tholt_000_1_1.pst.19.xls,Assign To West Contracts:G47,406,101,1,98,1
don_baughman_000_1_1.pst.180.xls,Sheet1:C38,412,37,0,21,0
chris_germany_000_1_2.pst.1062.xls,Sheet2:K99,5099,127,1,126,1
benjamin_rogers_001_1_1.pst.109.xls,ENA Debt:B11,708,126,1,108,1
benjamin_rogers_000_1_1.pst.7.xls,ZONE J OFFPEAK:B4,894,10,0,8,0
andy_zipper_000_1_1.pst.64.xls,DD-EGL:P29,133,3,0,3,0
benjamin_rogers_001_1_1.pst.222.xls,Debt:E160,835,1139,10,1118,11
benjamin_rogers_000_1_1.pst.11.xls,STRIPS:C1,1815,2,0,1,0
jim_schwieger_000_1_1.pst.100.xls,NYMEX-PR:A1536,114,5,0,5,0
darron_c_giron_002_1_1_1.pst.143.xls,Darron:J4,397,205,2,205,2
matthew_lenhart_001_1_1.pst.158.xls,OP.Power Desk Daily Price:B7,261,3,0,3,0
joe_parks_000_1_1.pst.218.xls,Jan 01 trial:AB14,3191,0,0,0,0
larry_may_000_1_1.pst.302.xls,WEST GAMMA:B3,1919,150,0,1,0
vkaminski_000_1_1_1.pst.175.xls,NICKEL:B3505,360,7,0,5,0
mike_grigsby_000_1_1_1.pst.133.xls,Months:F4,104,4,0,4,0
andy_zipper_000_1_1.pst.111.xls,Deal Detail:K23,91,3,0,1,0
andy_zipper_000_1_1.pst.82.xls,Sheet1:B20,140,31,0,31,0
chris_germany_000_1_2.pst.1044.xls,Sheet2:K55,4561,63,1,32,1
darrell_schoolcraft_000_1_1_1.pst.700.xls,Duke 500621:H12,199,32,1,30,1
joe_parks_000_1_1.pst.120.xls,Tx Gulf Matrix:AD61,232,2,0,2,0
john_arnold_000_1_2.pst.135.xls,Data-Apr-Sep:C6,65,3,0,3,0
benjamin_rogers_001_1_1.pst.115.xls,ENA Debt:B11,671,126,1,108,1
benjamin_rogers_000_1_1.pst.170.xls,Sky River:E92,1306,347,3,346,3
vladi_pimenov_000_1_1.pst.60.xls,Raw Data:BL4,1063,9,0,4,0
don_baughman_000_1_1.pst.195.xls,Sheet1:C38,401,37,0,21,0
mike_grigsby_000_1_1_1.pst.188.xls,Months:F4,226,4,0,4,0
chris_germany_000_1_2.pst.161.xls,Special Pricing:A327,277,7,0,6,0
jeff_dasovich_000_1_1_1.pst.115.xls,Curves:B10,174,43,0,42,1
matthew_lenhart_001_1_1.pst.164.xls,OP.Power Desk Daily Price:B7,269,3,0,3,0
tori_kuykendall_000_1_1_1.pst.122.xls,Price Sheet:B3,123,9,0,5,0
daren_farmer_000_1_1.pst.110.xls,Jan 01 trial:AB14,1217,0,0,0,0
louise_kitchen_000_1_1_1_1.pst.1.xls,Cost Cancel Details:D108,3131,460,4,460,4
andy_zipper_000_1_1.pst.58.xls,DD-EGL:P29,120,3,0,3,0
larry_campbell_000_1_1.pst.381.xls,Sheet1:E252,125,3,0,3,0
tracy_geaccone_000_1_1.pst.152.xls,Trackers:D344,746,209,1,209,2
don_baughman_000_1_1.pst.179.xls,Sheet1:C38,395,37,1,21,1
phillip_allen_000_1_1.pst.134.xls,Project Schedule:E1,355,2,0,2,0
chris_germany_000_1_2.pst.1059.xls,Sheet2:K401,4569,63,1,32,1
vkaminski_000_1_1_1.pst.169.xls,MG Credit:C5,1192,6,0,5,0
jonathan_mckay_000_1_1.pst.25.xls,TETCO_TRANSCO:F38,799,729,4,729,4
phillip_allen_000_1_1.pst.102.xls,Curves:A1,1869,87,0,87,0
richard_ring_000_1_1.pst.95.xls,Commercial Energy Services:K24,502,5,0,5,0
don_baughman_000_1_1.pst.185.xls,Sheet1:C38,398,37,1,21,1
louise_kitchen_000_1_1_1_1.pst.255.xls,Cost Cancel Details:D108,3117,460,5,460,5
peter_keavey_000_1_1.pst.21.xls,Realized Vol:A1422,296,1,0,1,0
benjamin_rogers_000_1_1.pst.191.xls,CALC:FA17,2326,0,0,0,0
errol_mclaughlin_jr_000_1_1.pst.136.xls,Gas Swap Model:B10,428,69,1,69,1
kam_keiser_000_1_1.pst.16.xls,LongTerm73:AH22,3686,22,0,20,0
kevin_ruscitti_000_1_1.pst.152.xls,03-15-00AM:X531,3761,1,0,1,0
harry_arora_000_1_1.pst.121.xls,vol data:N470,157,3,0,2,0
chris_germany_000_1_2.pst.1112.xls,April EPA Vols:K45,3734,9,0,9,0
mike_grigsby_000_1_1_1.pst.251.xls,Months:F4,127,4,0,4,0
tracy_geaccone_000_1_1.pst.239.xls,Trackers:D344,760,209,1,209,1
frank_ermis_000_1_1.pst.180.xls,Months:F4,238,4,0,4,0
chris_germany_000_1_2.pst.1172.xls,Choice Flow:Q4,618,13,0,12,0
gstorey_000_1_1.pst.111.xls,king 80-15-5:E2,205,236,2,236,2
tori_kuykendall_000_1_1_1.pst.12.xls,GDA:AG17,2136,1,0,1,0
teb_lokey_000_1_1.pst.20.xls,YR_REV:G140,272,18,0,17,0
richard_ring_000_1_1.pst.176.xls,Commercial Energy Services:K24,511,5,0,5,0
daren_farmer_001_1_1.pst.1195.xls,Mar:G4,262,11,1,11,1
andy_zipper_000_1_1.pst.97.xls,DD-EGL:P29,985,3,0,3,0
jim_schwieger_000_1_1.pst.110.xls,Sheet2:J5,2111,2436,30,2436,31
robin_rodrigue_001_1_1.pst.3.xls,Sheet12:Q355,626,3,0,2,0
don_baughman_000_1_1.pst.131.xls,Sheet1:C38,338,37,0,21,0
dutch_quigley_000_1_1.pst.201.xls,A:DR249,869,33,0,32,0
jane_tholt_000_1_1.pst.191.xls,Study 4a:A9,209,12,0,9,0
john_griffith_000_1_1.pst.187.xls,Drawdown:X17,1695,7,0,7,0
vkaminski_003_1_1_1.pst.21.xls,VAR:A42,358,23,0,6,0
daren_farmer_000_1_1.pst.103.xls,Jan 01 trial:AB14,1502,0,0,0,0
stacey_white_000_1_1.pst.249.xls,OP.Power Desk Daily Price:B7,265,3,0,3,0
larry_may_000_1_1.pst.312.xls,DATA:B3,181,1,0,1,0
vkaminski_000_1_1_1.pst.258.xls,R11_logs:BM388,681,0,0,0,0
louise_kitchen_000_1_1_1_1.pst.238.xls,Cost Cancel Details:D188,3185,460,5,460,5
vkaminski_002_1_1_1.pst.275.xls,Gas Curves:BV2,1311,0,0,0,0
vkaminski_000_1_1_1.pst.212.xls,sp500:D8,193,51,0,43,0
vkaminski_000_1_1_1.pst.255.xls,factors2:G1897,427,8,0,1,0
benjamin_rogers_001_1_1.pst.134.xls,DPL Prices for Summer:C71,115,4,0,4,0
john_griffith_000_1_1.pst.516.xls,Sheet1:B2453,147,5,0,5,0
robin_rodrigue_000_1_1.pst.151.xls,Sheet14:Q355,498,3,0,2,0
holden_salisbury_000_1_1.pst.33.xls,UAMPS:K44,1050,4,0,4,0
benjamin_rogers_000_1_1.pst.171.xls,Peak Revenue:A10,1572,1,0,1,0
joe_parks_000_1_1.pst.227.xls,Jan 01 trial:AB14,3426,0,0,0,0
don_baughman_000_1_1.pst.181.xls,Sheet1:C38,398,37,0,21,0
darron_c_giron_002_1_1_1.pst.167.xls,Cash Flow:M5,115,723,3,723,3
stacey_white_000_1_1.pst.139.xls,PJM Monthly Summary 2000 05 V.1:F39,86,6,0,6,0
jonathan_mckay_000_1_1.pst.13.xls,TETCO_TRANSCO:L31,810,111,1,110,1
john_griffith_000_1_1.pst.184.xls,Drawdown:X17,1720,7,0,7,0
scott_neal_000_1_1.pst.192.xls,Temps:B3746,333,1,0,1,0
don_baughman_000_1_1.pst.129.xls,Sheet1:C38,346,37,0,21,0
robin_rodrigue_000_1_1.pst.166.xls,Detail:E3372,163,1,0,1,0
don_baughman_000_1_1.pst.149.xls,Sheet1:C38,403,37,0,21,0
andy_zipper_000_1_1.pst.75.xls,DD-EGL:P29,119,3,0,3,0
vkaminski_000_1_1_1.pst.27.xls,Distributions:D5,474,12,0,10,0
andy_zipper_000_1_1.pst.59.xls,DD-EGL:P29,123,3,0,3,0
andy_zipper_000_1_1.pst.120.xls,DD-EGL:P29,837,3,0,3,0
benjamin_rogers_000_1_1.pst.139.xls,Debt:B40,496,483,5,481,5
don_baughman_000_1_1.pst.196.xls,8-1:C38,821,37,1,21,1
andy_zipper_000_1_1.pst.16.xls,DD-EGL:P29,810,3,0,3,0
michelle_lokay_000_1_2_1.pst.368.xls,PNM 500617:H12,122,35,0,32,0
vkaminski_000_1_1_1.pst.278.xls,READDATA:AD6,132,0,0,0,0
john_arnold_000_1_2.pst.108.xls,W Trades:D47,830,61,0,61,0
benjamin_rogers_000_1_1.pst.143.xls,Debt:B54,436,326,3,324,3
rick_buy_000_1_1_1_1.pst.186.xls,DefaultProbs:H142,1646,26,0,8,0
daren_farmer_000_1_1.pst.387.xls,Jan 01 trial:AB14,1924,0,0,0,0
mike_carson_000_1_1.pst.42.xls,Results:K40,147,2,0,1,0
jeff_dasovich_000_1_1_1.pst.44.xls,SUMMARY:D3,58,3,0,3,0
jane_tholt_000_1_1.pst.16.xls,Assign To West Contracts:G47,397,99,0,96,0
joe_quenet_000_1_1.pst.18.xls,Results:K40,149,2,0,1,0
chris_germany_000_1_2.pst.1063.xls,Sheet2:K99,5053,127,1,126,1
vladi_pimenov_000_1_1.pst.61.xls,Raw Data:BL4,1228,9,0,4,0
john_forney_000_1_1.pst.59.xls,ERCOT MCP BY INTERVAL:K7,222,14,0,5,0
vkaminski_001_1_2_1.pst.160.xls,Escalation:M12,666,1,0,1,0
paul_y'barbo_000_1_1.pst.64.xls,76%:D2,373,1774,9,1774,9
stacey_white_000_1_1.pst.305.xls,BRA Power:A6,2343,28,0,27,0
don_baughman_000_1_1.pst.141.xls,Sheet1:C38,405,37,1,21,1
sally_beck_000_1_1_1_1.pst.577.xls,IM:E42,1222,23,0,20,0
john_griffith_000_1_1.pst.846.xls,Position:H44,1055,8,0,6,0
john_lavorato_001_1_1_1.pst.82.xls,Cost Cancel Details:D92,2972,460,4,460,4
vkaminski_000_1_1_1.pst.127.xls,NG:B7,445,15,0,10,0
mary_fischer_000_1_1.pst.116.xls,Feb 2002:C18,5881,8,0,6,0
darron_c_giron_000_1_1_1.pst.276.xls,PRD Location_Def:H3819,712,2,0,2,0
andy_zipper_000_1_1.pst.87.xls,DD-EGL:P29,856,3,0,3,0
mike_grigsby_000_1_1_1.pst.146.xls,Months:F4,102,4,0,4,0
craig_dean_000_1_1.pst.124.xls,Interval Data:A8758,211,3,0,1,0
mary_hain_000_1_1.pst.160.xls,CALC:L31,236,159,1,159,1
don_baughman_000_1_1.pst.134.xls,Sheet1:C38,394,37,0,21,0
tracy_geaccone_000_1_1.pst.238.xls,BACKUP:C303,587,145,1,145,1
mike_grigsby_000_1_1_1.pst.189.xls,Months:F4,223,4,0,4,0
daren_farmer_000_1_1.pst.100.xls,Jan 01 trial:AB14,1208,0,0,0,0
don_baughman_000_1_1.pst.177.xls,Sheet1:C38,395,37,0,21,0
joe_parks_000_1_1.pst.5.xls,X_H:A5,157,14,0,13,0
brad_mckay_000_1_1.pst.0.xls,ConEd Data:C17,230,5,0,5,0
vladi_pimenov_000_1_1.pst.6.xls,ANR:A411,164,1,0,1,0
stacey_white_000_1_1.pst.252.xls,BRA Power:A6,2223,28,0,27,1
chris_germany_000_1_2.pst.166.xls,Special Pricing:A327,222,7,0,6,0
lindy_donoho_000_1_1_1.pst.17.xls,WOT by Month thru 2010:DU7,331,2,0,2,0
jim_schwieger_000_1_1.pst.111.xls,Module2:DR1624,8685,3,1,3,1
andy_zipper_000_1_1.pst.23.xls,Deal Detail:K727,161,3,0,1,0
mark_taylor_001_1_1.pst.120.xls,NY:S375,322,203,2,203,2
jay_reitmeyer_000_1_1.pst.201.xls,Sheet1:AJ62,210,1,0,1,0
jonathan_mckay_000_1_1.pst.28.xls,TETCO_TRANSCO:F38,832,729,4,729,4
mary_fischer_000_1_1.pst.101.xls,Feb 2002:C18,4610,8,0,6,0
andy_zipper_000_1_1.pst.66.xls,DD-EGL:P10,131,4,0,4,0
gstorey_000_1_1.pst.15.xls,ANR Willow:A138,84,1,0,1,0
louise_kitchen_000_1_1_1_1.pst.237.xls,Cost Cancel Details:D148,3028,460,5,460,5
gstorey_000_1_1.pst.108.xls,Curves:AL12,4436,7,0,6,0
chris_germany_000_1_1_1.pst.96.xls,Total Reqs:J11,993,251,2,251,2
tracy_geaccone_000_1_1.pst.266.xls,BACKUP:C303,579,145,1,145,1
andy_zipper_000_1_1.pst.72.xls,DD-EGL:P29,133,3,0,3,0
vkaminski_000_1_1_1.pst.182.xls,DATABASE:F4914,60,2,0,1,0
robin_rodrigue_000_1_1.pst.266.xls,Sheet8:Q355,425,3,0,2,0
robin_rodrigue_000_1_1.pst.13.xls,Detail:E3372,163,1,0,1,0
benjamin_rogers_001_1_1.pst.52.xls,Wilton:X135,372,34,1,34,1
errol_mclaughlin_jr_000_1_1.pst.137.xls,EO9904.1 floor:L10,2537,23,0,23,0
tori_kuykendall_000_1_1_1.pst.0.xls,Price Sheet:B3,118,9,0,5,0
phillip_allen_000_1_1.pst.253.xls,Curves:A1,1863,87,1,87,1
jonathan_mckay_000_1_1.pst.12.xls,TETCO_TRANSCO:L31,812,111,0,110,0
john_forney_000_1_1.pst.58.xls,ERCOT MCP BY INTERVAL:K7,204,14,0,5,0
lindy_donoho_000_1_1_1.pst.15.xls,WOT by Month thru 2010:DU7,316,2,0,2,0
john_griffith_000_1_1.pst.185.xls,MAIN:U18,3044,221,2,221,2
louise_kitchen_000_1_1_1_1.pst.242.xls,Cost Cancel Details:D180,3347,460,5,460,5
jeff_dasovich_000_1_1_1.pst.138.xls,PG&E Assessment:C40,645,2752,21,2745,22
tori_kuykendall_000_1_1_1.pst.15.xls,Price Sheet:B3,146,9,0,5,0
andy_zipper_000_1_1.pst.74.xls,DD-EGL:P29,134,3,0,3,0
vkaminski_000_1_1_1.pst.256.xls,factors_mod:G489,215,8,0,2,0
kevin_ruscitti_000_1_1.pst.49.xls,Swap:A8,132,29,0,29,0
louise_kitchen_001_1_1_1.pst.374.xls,HR:J19,482,16,0,15,0
phillip_m_love_001_1_1.pst.209.xls,LongTerm3:AH22,678,22,0,20,0
mike_grigsby_000_1_1_1.pst.247.xls,Months:F4,302,4,0,4,0
phillip_allen_000_1_1.pst.132.xls,Project Schedule:E1,557,2,0,2,0
john_griffith_000_1_1.pst.322.xls,Gas Swap Model:A3,924,50,1,49,1
daren_farmer_000_1_1.pst.388.xls,Jan 01 trial:AB14,3715,0,0,0,0
tori_kuykendall_000_1_1_1.pst.106.xls,Price Sheet:B3,147,9,0,5,0
don_baughman_000_1_1.pst.182.xls,Sheet1:C38,435,37,0,21,0
richard_shapiro_000_1_1.pst.140.xls,Gas Swap Model:B10,731,69,0,69,0
david_delainey_000_1_1_1.pst.4.xls,JrDebt:E12,1238,382,3,381,3
lisa_gang_000_1_1.pst.136.xls,December Hydro:M15,203,11,0,11,0
don_baughman_000_1_1.pst.148.xls,Sheet1:C38,421,37,0,21,1
joe_parks_000_1_1.pst.119.xls,E TX Matrix:A126,452,114,0,33,0
sally_beck_002_1_1_1.pst.3.xls,Monthly Headcount by Position:D70,2103,74,1,74,1
bill_williams_iii_000_1_1.pst.56.xls,Sheet1:C49,436,37,0,21,0
vladi_pimenov_000_1_1.pst.57.xls,Raw Data:BL4,1636,9,0,4,0
andy_zipper_000_1_1.pst.80.xls,DD-EGL:P29,194,3,0,3,0
john_griffith_000_1_1.pst.200.xls,New Index Sale:N9,1425,16,0,16,0
james_steffes_000_1_1.pst.221.xls,ANZA LOAD_LOSSES:C51,658,6,0,6,0
chris_dorland_000_1_1_1.pst.59.xls,Jan01:E2,2398,1,0,1,0
monika_causholli_000_1_1.pst.60.xls,Sheet2:B4,183,3,0,3,0
andy_zipper_000_1_1.pst.18.xls,Deal Detail:K727,127,3,0,1,0
jeff_dasovich_000_1_1_1.pst.117.xls,PeakMonthlyAvg:B20,122,81,0,81,0
don_baughman_000_1_1.pst.133.xls,Sheet1:C38,343,37,0,21,0
vkaminski_001_1_2_1.pst.39.xls,DPR_detail:O235,119,10,0,9,0
mike_grigsby_000_1_1_1.pst.147.xls,Months:F4,103,4,0,4,0
joe_parks_000_1_1.pst.6.xls,X_H:A5,348,14,1,13,1
daren_farmer_000_1_1.pst.101.xls,Jan 01 trial:AB14,1551,0,0,0,0
matthew_lenhart_000_1_1.pst.19.xls,Curves:A1,2250,87,1,87,1
don_baughman_000_1_1.pst.176.xls,Sheet1:C38,416,37,0,21,0
jim_schwieger_000_1_1.pst.71.xls,NYMEX-PR:A1536,92,5,0,5,0
vkaminski_000_1_1_1.pst.313.xls,READDATA:AD6,178,0,0,0,0
vkaminski_001_1_2_1.pst.161.xls,Escalation:K13,1922,1,0,1,0
kevin_ruscitti_000_1_1.pst.100.xls,Mar Actuals:X531,4126,1,0,1,0
phillip_m_love_000_1_1.pst.681.xls,Transport Pos:A3,1792,1,0,1,0
benjamin_rogers_000_1_1.pst.18.xls,STRIPS:C1,1991,2,0,1,0
louise_kitchen_000_1_1_1_1.pst.257.xls,Cost Cancel Details:D108,3292,460,4,460,4
mike_grigsby_000_1_1_1.pst.260.xls,Months:F4,121,4,0,4,0
jonathan_mckay_000_1_1.pst.27.xls,TETCO_TRANSCO:F38,913,729,4,729,5
jim_schwieger_000_1_1.pst.112.xls,Module2:DS2111,7456,3,0,3,0
chris_germany_000_1_2.pst.1057.xls,Sheet2:K401,5598,63,0,32,0
andy_zipper_000_1_1.pst.52.xls,DD-EPM:U324,99,4,0,2,0
rick_buy_000_1_1_1_1.pst.170.xls,Cost Cancel Details:D92,2993,460,5,460,5
kevin_presto_000_1_1.pst.16.xls,MAIN:U18,3022,219,1,218,2
vkaminski_000_1_1_1.pst.177.xls,ALUMINUM_H:B3505,352,7,0,5,0
tracy_geaccone_000_1_1.pst.237.xls,Trackers:D184,885,221,2,221,2
chris_germany_000_1_2.pst.1136.xls,03-31-00Apr:X531,7824,1,1,1,1
jonathan_mckay_000_1_1.pst.122.xls,Rate 11 Balancing:B42,2259,1248,9,1248,9
darrell_schoolcraft_000_1_1_1.pst.428.xls,Duke 500621:H12,218,32,0,30,0
stacey_white_000_1_1.pst.296.xls,BRA Power:A6,2436,28,0,27,0
vkaminski_000_1_1_1.pst.307.xls,Expiration Dates:D30,268,6,0,2,0
stacey_white_000_1_1.pst.1.xls,BRA Power:A6,2070,28,0,27,0
jim_schwieger_000_1_1.pst.106.xls,NYMEX-PR:A1536,81,5,0,5,0
benjamin_rogers_000_1_1.pst.116.xls,ENA Debt:B11,705,86,0,86,0
don_baughman_000_1_1.pst.127.xls,Sheet1:C38,330,37,0,21,0
kevin_ruscitti_000_1_1.pst.4.xls,Swap:A8,133,29,0,29,0
jane_tholt_000_1_1.pst.198.xls,Study 4a:A9,239,12,1,9,1
andy_zipper_000_1_1.pst.67.xls,DD-EGL:P29,129,3,0,3,0
joe_parks_000_1_1.pst.211.xls,Jan 01 trial:AB14,3212,0,0,0,0
